,c_name,d_name,cdr_hat,cluster
0,1290908,d_g1_1,,-1
1,1290908,d_g1_2,,-1
2,1290908,d_g1_3,,-1
3,1290908,d_g1_4,,-1
4,1290908,d_g1_5,,-1
5,1290908,d_g1_6,,-1
6,1290908,d_g1_7,,-1
7,1290908,d_g1_8,,-1
8,1290908,d_g1_9,,-1
9,1290908,d_g1_10,,-1
10,1290908,d_g2_1,,-1
11,1290908,d_g2_2,,-1
12,1290908,d_g2_3,,-1
13,1290908,d_g2_4,,-1
14,1290908,d_g2_5,,-1
15,1290908,d_g2_6,,-1
16,1290908,d_g2_7,,-1
17,1290908,d_g2_8,,-1
18,1290908,d_g2_9,,-1
19,1290908,d_g2_10,,-1
20,1290908,d_g3_1,,-1
21,1290908,d_g3_2,,-1
22,1290908,d_g3_3,,-1
23,1290908,d_g3_4,,-1
24,1290908,d_g3_5,,-1
25,1290908,d_g3_6,,-1
26,1290908,d_g3_7,,-1
27,1290908,d_g3_8,,-1
28,1290908,d_g3_9,,-1
29,1290908,d_g3_10,,-1
30,713885,d_g1_1,0.294724,0
31,713885,d_g1_2,0.079284,0
32,713885,d_g1_3,0.015573,0
33,713885,d_g1_4,0.001252,0
34,713885,d_g1_5,0.011058,0
35,713885,d_g1_6,0.017286,0
36,713885,d_g1_7,0.510564,0
37,713885,d_g1_8,0.017484,0
38,713885,d_g1_9,0.032776,0
39,713885,d_g1_10,0.038385,0
40,713885,d_g2_1,0.368623,0
41,713885,d_g2_2,0.601272,0
42,713885,d_g2_3,0.276657,0
43,713885,d_g2_4,0.43954,0
44,713885,d_g2_5,0.210823,0
45,713885,d_g2_6,0.471355,0
46,713885,d_g2_7,0.292111,0
47,713885,d_g2_8,0.50152,0
48,713885,d_g2_9,0.465513,0
49,713885,d_g2_10,0.804722,0
50,713885,d_g3_1,0.789117,0
51,713885,d_g3_2,0.622522,0
52,713885,d_g3_3,0.918496,0
53,713885,d_g3_4,0.937589,0
54,713885,d_g3_5,0.351092,0
55,713885,d_g3_6,0.456374,0
56,713885,d_g3_7,0.972137,0
57,713885,d_g3_8,0.430339,0
58,713885,d_g3_9,0.840507,0
59,713885,d_g3_10,0.867489,0
60,1240145,d_g1_1,0.987003,1
61,1240145,d_g1_2,0.98889,1
62,1240145,d_g1_3,0.998289,1
63,1240145,d_g1_4,0.997695,1
64,1240145,d_g1_5,0.997043,1
65,1240145,d_g1_6,0.992366,1
66,1240145,d_g1_7,0.999829,1
67,1240145,d_g1_8,0.995592,1
68,1240145,d_g1_9,0.994301,1
69,1240145,d_g1_10,0.999512,1
70,1240145,d_g2_1,0.999923,1
71,1240145,d_g2_2,0.999981,1
72,1240145,d_g2_3,0.999501,1
73,1240145,d_g2_4,0.999988,1
74,1240145,d_g2_5,0.99999,1
75,1240145,d_g2_6,0.999996,1
76,1240145,d_g2_7,0.999986,1
77,1240145,d_g2_8,0.999991,1
78,1240145,d_g2_9,0.999995,1
79,1240145,d_g2_10,0.999979,1
80,1240145,d_g3_1,0.999766,1
81,1240145,d_g3_2,0.999704,1
82,1240145,d_g3_3,0.999812,1
83,1240145,d_g3_4,0.999508,1
84,1240145,d_g3_5,0.998724,1
85,1240145,d_g3_6,0.999608,1
86,1240145,d_g3_7,0.999746,1
87,1240145,d_g3_8,0.999265,1
88,1240145,d_g3_9,0.999855,1
89,1240145,d_g3_10,0.999934,1
90,688023,d_g1_1,0.568003,0
91,688023,d_g1_2,0.57436,0
92,688023,d_g1_3,0.301667,0
93,688023,d_g1_4,0.003023,0
94,688023,d_g1_5,0.475078,0
95,688023,d_g1_6,0.229745,0
96,688023,d_g1_7,0.955751,0
97,688023,d_g1_8,0.582589,0
98,688023,d_g1_9,0.425257,0
99,688023,d_g1_10,0.404142,0
100,688023,d_g2_1,0.390353,0
101,688023,d_g2_2,0.39977,0
102,688023,d_g2_3,0.336387,0
103,688023,d_g2_4,0.259649,0
104,688023,d_g2_5,0.054875,0
105,688023,d_g2_6,0.590734,0
106,688023,d_g2_7,0.051429,0
107,688023,d_g2_8,0.621348,0
108,688023,d_g2_9,0.427752,0
109,688023,d_g2_10,0.902179,0
110,688023,d_g3_1,0.995286,0
111,688023,d_g3_2,0.988941,0
112,688023,d_g3_3,0.990828,0
113,688023,d_g3_4,0.976524,0
114,688023,d_g3_5,0.968282,0
115,688023,d_g3_6,0.979325,0
116,688023,d_g3_7,0.985011,0
117,688023,d_g3_8,0.977077,0
118,688023,d_g3_9,0.98983,0
119,688023,d_g3_10,0.999168,0
120,910937,d_g1_1,0.918522,0
121,910937,d_g1_2,0.490097,0
122,910937,d_g1_3,0.18054,0
123,910937,d_g1_4,0.0092,0
124,910937,d_g1_5,0.14546,0
125,910937,d_g1_6,0.111143,0
126,910937,d_g1_7,0.823847,0
127,910937,d_g1_8,0.211338,0
128,910937,d_g1_9,0.227985,0
129,910937,d_g1_10,0.232431,0
130,910937,d_g2_1,0.591541,0
131,910937,d_g2_2,0.913883,0
132,910937,d_g2_3,0.5108,0
133,910937,d_g2_4,0.30848,0
134,910937,d_g2_5,0.37355,0
135,910937,d_g2_6,0.613428,0
136,910937,d_g2_7,0.433256,0
137,910937,d_g2_8,0.917071,0
138,910937,d_g2_9,0.749206,0
139,910937,d_g2_10,0.978228,0
140,910937,d_g3_1,0.956848,0
141,910937,d_g3_2,0.963968,0
142,910937,d_g3_3,0.959003,0
143,910937,d_g3_4,0.992825,0
144,910937,d_g3_5,0.76225,0
145,910937,d_g3_6,0.832626,0
146,910937,d_g3_7,0.998081,0
147,910937,d_g3_8,0.8174,0
148,910937,d_g3_9,0.966797,0
149,910937,d_g3_10,0.995116,0
150,687812,d_g1_1,,-1
151,687812,d_g1_2,,-1
152,687812,d_g1_3,,-1
153,687812,d_g1_4,,-1
154,687812,d_g1_5,,-1
155,687812,d_g1_6,,-1
156,687812,d_g1_7,,-1
157,687812,d_g1_8,,-1
158,687812,d_g1_9,,-1
159,687812,d_g1_10,,-1
160,687812,d_g2_1,,-1
161,687812,d_g2_2,,-1
162,687812,d_g2_3,,-1
163,687812,d_g2_4,,-1
164,687812,d_g2_5,,-1
165,687812,d_g2_6,,-1
166,687812,d_g2_7,,-1
167,687812,d_g2_8,,-1
168,687812,d_g2_9,,-1
169,687812,d_g2_10,,-1
170,687812,d_g3_1,,-1
171,687812,d_g3_2,,-1
172,687812,d_g3_3,,-1
173,687812,d_g3_4,,-1
174,687812,d_g3_5,,-1
175,687812,d_g3_6,,-1
176,687812,d_g3_7,,-1
177,687812,d_g3_8,,-1
178,687812,d_g3_9,,-1
179,687812,d_g3_10,,-1
180,687819,d_g1_1,,-1
181,687819,d_g1_2,,-1
182,687819,d_g1_3,,-1
183,687819,d_g1_4,,-1
184,687819,d_g1_5,,-1
185,687819,d_g1_6,,-1
186,687819,d_g1_7,,-1
187,687819,d_g1_8,,-1
188,687819,d_g1_9,,-1
189,687819,d_g1_10,,-1
190,687819,d_g2_1,,-1
191,687819,d_g2_2,,-1
192,687819,d_g2_3,,-1
193,687819,d_g2_4,,-1
194,687819,d_g2_5,,-1
195,687819,d_g2_6,,-1
196,687819,d_g2_7,,-1
197,687819,d_g2_8,,-1
198,687819,d_g2_9,,-1
199,687819,d_g2_10,,-1
200,687819,d_g3_1,,-1
201,687819,d_g3_2,,-1
202,687819,d_g3_3,,-1
203,687819,d_g3_4,,-1
204,687819,d_g3_5,,-1
205,687819,d_g3_6,,-1
206,687819,d_g3_7,,-1
207,687819,d_g3_8,,-1
208,687819,d_g3_9,,-1
209,687819,d_g3_10,,-1
210,1322212,d_g1_1,,-1
211,1322212,d_g1_2,,-1
212,1322212,d_g1_3,,-1
213,1322212,d_g1_4,,-1
214,1322212,d_g1_5,,-1
215,1322212,d_g1_6,,-1
216,1322212,d_g1_7,,-1
217,1322212,d_g1_8,,-1
218,1322212,d_g1_9,,-1
219,1322212,d_g1_10,,-1
220,1322212,d_g2_1,,-1
221,1322212,d_g2_2,,-1
222,1322212,d_g2_3,,-1
223,1322212,d_g2_4,,-1
224,1322212,d_g2_5,,-1
225,1322212,d_g2_6,,-1
226,1322212,d_g2_7,,-1
227,1322212,d_g2_8,,-1
228,1322212,d_g2_9,,-1
229,1322212,d_g2_10,,-1
230,1322212,d_g3_1,,-1
231,1322212,d_g3_2,,-1
232,1322212,d_g3_3,,-1
233,1322212,d_g3_4,,-1
234,1322212,d_g3_5,,-1
235,1322212,d_g3_6,,-1
236,1322212,d_g3_7,,-1
237,1322212,d_g3_8,,-1
238,1322212,d_g3_9,,-1
239,1322212,d_g3_10,,-1
240,753610,d_g1_1,0.989443,0
241,753610,d_g1_2,0.892252,0
242,753610,d_g1_3,0.487693,0
243,753610,d_g1_4,0.097349,0
244,753610,d_g1_5,0.499871,0
245,753610,d_g1_6,0.518681,0
246,753610,d_g1_7,0.964657,0
247,753610,d_g1_8,0.606511,0
248,753610,d_g1_9,0.938312,0
249,753610,d_g1_10,0.655343,0
250,753610,d_g2_1,0.8705,0
251,753610,d_g2_2,0.999784,0
252,753610,d_g2_3,0.936686,0
253,753610,d_g2_4,0.998241,0
254,753610,d_g2_5,0.195619,0
255,753610,d_g2_6,0.837689,0
256,753610,d_g2_7,0.962675,0
257,753610,d_g2_8,0.999549,0
258,753610,d_g2_9,0.977923,0
259,753610,d_g2_10,0.999944,0
260,753610,d_g3_1,0.987886,0
261,753610,d_g3_2,0.999562,0
262,753610,d_g3_3,0.996037,0
263,753610,d_g3_4,0.999984,0
264,753610,d_g3_5,0.95415,0
265,753610,d_g3_6,0.95616,0
266,753610,d_g3_7,0.999979,0
267,753610,d_g3_8,0.942738,0
268,753610,d_g3_9,0.998367,0
269,753610,d_g3_10,0.999629,0
270,722045,d_g1_1,0.751758,1
271,722045,d_g1_2,0.434473,1
272,722045,d_g1_3,0.564388,1
273,722045,d_g1_4,0.673331,1
274,722045,d_g1_5,0.466341,1
275,722045,d_g1_6,0.395947,1
276,722045,d_g1_7,0.878466,1
277,722045,d_g1_8,0.564628,1
278,722045,d_g1_9,0.559842,1
279,722045,d_g1_10,0.713383,1
280,722045,d_g2_1,0.819448,1
281,722045,d_g2_2,0.937773,1
282,722045,d_g2_3,0.748484,1
283,722045,d_g2_4,0.891585,1
284,722045,d_g2_5,0.96208,1
285,722045,d_g2_6,0.985388,1
286,722045,d_g2_7,0.854132,1
287,722045,d_g2_8,0.907132,1
288,722045,d_g2_9,0.961829,1
289,722045,d_g2_10,0.917685,1
290,722045,d_g3_1,0.800203,1
291,722045,d_g3_2,0.759669,1
292,722045,d_g3_3,0.832533,1
293,722045,d_g3_4,0.655146,1
294,722045,d_g3_5,0.787443,1
295,722045,d_g3_6,0.704601,1
296,722045,d_g3_7,0.786591,1
297,722045,d_g3_8,0.559917,1
298,722045,d_g3_9,0.866043,1
299,722045,d_g3_10,0.933875,1
300,1330973,d_g1_1,,-1
301,1330973,d_g1_2,,-1
302,1330973,d_g1_3,,-1
303,1330973,d_g1_4,,-1
304,1330973,d_g1_5,,-1
305,1330973,d_g1_6,,-1
306,1330973,d_g1_7,,-1
307,1330973,d_g1_8,,-1
308,1330973,d_g1_9,,-1
309,1330973,d_g1_10,,-1
310,1330973,d_g2_1,,-1
311,1330973,d_g2_2,,-1
312,1330973,d_g2_3,,-1
313,1330973,d_g2_4,,-1
314,1330973,d_g2_5,,-1
315,1330973,d_g2_6,,-1
316,1330973,d_g2_7,,-1
317,1330973,d_g2_8,,-1
318,1330973,d_g2_9,,-1
319,1330973,d_g2_10,,-1
320,1330973,d_g3_1,,-1
321,1330973,d_g3_2,,-1
322,1330973,d_g3_3,,-1
323,1330973,d_g3_4,,-1
324,1330973,d_g3_5,,-1
325,1330973,d_g3_6,,-1
326,1330973,d_g3_7,,-1
327,1330973,d_g3_8,,-1
328,1330973,d_g3_9,,-1
329,1330973,d_g3_10,,-1
330,907295,d_g1_1,0.766846,0
331,907295,d_g1_2,0.293573,0
332,907295,d_g1_3,0.090703,0
333,907295,d_g1_4,0.007795,0
334,907295,d_g1_5,0.067246,0
335,907295,d_g1_6,0.099844,0
336,907295,d_g1_7,0.679534,0
337,907295,d_g1_8,0.101003,0
338,907295,d_g1_9,0.176242,0
339,907295,d_g1_10,0.05361,0
340,907295,d_g2_1,0.42789,0
341,907295,d_g2_2,0.809511,0
342,907295,d_g2_3,0.364019,0
343,907295,d_g2_4,0.175659,0
344,907295,d_g2_5,0.360473,0
345,907295,d_g2_6,0.471669,0
346,907295,d_g2_7,0.418172,0
347,907295,d_g2_8,0.829355,0
348,907295,d_g2_9,0.576352,0
349,907295,d_g2_10,0.951592,0
350,907295,d_g3_1,0.831705,0
351,907295,d_g3_2,0.850138,0
352,907295,d_g3_3,0.921131,0
353,907295,d_g3_4,0.985762,0
354,907295,d_g3_5,0.416758,0
355,907295,d_g3_6,0.525777,0
356,907295,d_g3_7,0.996194,0
357,907295,d_g3_8,0.49942,0
358,907295,d_g3_9,0.914284,0
359,907295,d_g3_10,0.975487,0
360,1240186,d_g1_1,0.999664,0
361,1240186,d_g1_2,0.996325,0
362,1240186,d_g1_3,0.090963,0
363,1240186,d_g1_4,0.559609,0
364,1240186,d_g1_5,0.092577,0
365,1240186,d_g1_6,0.24762,0
366,1240186,d_g1_7,0.998908,0
367,1240186,d_g1_8,0.126547,0
368,1240186,d_g1_9,0.996338,0
369,1240186,d_g1_10,0.279387,0
370,1240186,d_g2_1,0.999138,0
371,1240186,d_g2_2,0.999999,0
372,1240186,d_g2_3,0.991012,0
373,1240186,d_g2_4,0.999974,0
374,1240186,d_g2_5,0.858476,0
375,1240186,d_g2_6,0.998174,0
376,1240186,d_g2_7,0.999895,0
377,1240186,d_g2_8,0.999999,0
378,1240186,d_g2_9,0.999954,0
379,1240186,d_g2_10,1.0,0
380,1240186,d_g3_1,0.997134,0
381,1240186,d_g3_2,1.0,0
382,1240186,d_g3_3,0.999996,0
383,1240186,d_g3_4,1.0,0
384,1240186,d_g3_5,0.999566,0
385,1240186,d_g3_6,0.998311,0
386,1240186,d_g3_7,1.0,0
387,1240186,d_g3_8,0.990305,0
388,1240186,d_g3_9,0.999997,0
389,1240186,d_g3_10,0.999986,0
390,1240193,d_g1_1,0.971962,0
391,1240193,d_g1_2,0.576535,0
392,1240193,d_g1_3,0.326201,0
393,1240193,d_g1_4,0.020798,0
394,1240193,d_g1_5,0.269961,0
395,1240193,d_g1_6,0.242118,0
396,1240193,d_g1_7,0.816061,0
397,1240193,d_g1_8,0.370611,0
398,1240193,d_g1_9,0.430034,0
399,1240193,d_g1_10,0.106949,0
400,1240193,d_g2_1,0.702553,0
401,1240193,d_g2_2,0.951557,0
402,1240193,d_g2_3,0.497623,0
403,1240193,d_g2_4,0.168117,0
404,1240193,d_g2_5,0.376229,0
405,1240193,d_g2_6,0.618764,0
406,1240193,d_g2_7,0.460025,0
407,1240193,d_g2_8,0.96941,0
408,1240193,d_g2_9,0.872638,0
409,1240193,d_g2_10,0.994778,0
410,1240193,d_g3_1,0.947622,0
411,1240193,d_g3_2,0.982847,0
412,1240193,d_g3_3,0.956878,0
413,1240193,d_g3_4,0.997663,0
414,1240193,d_g3_5,0.756276,0
415,1240193,d_g3_6,0.802327,0
416,1240193,d_g3_7,0.999272,0
417,1240193,d_g3_8,0.785057,0
418,1240193,d_g3_9,0.985247,0
419,1240193,d_g3_10,0.997518,0
420,910692,d_g1_1,0.995815,0
421,910692,d_g1_2,0.927786,0
422,910692,d_g1_3,0.521562,0
423,910692,d_g1_4,0.14063,0
424,910692,d_g1_5,0.462305,0
425,910692,d_g1_6,0.459169,0
426,910692,d_g1_7,0.981269,0
427,910692,d_g1_8,0.570065,0
428,910692,d_g1_9,0.766146,0
429,910692,d_g1_10,0.686513,0
430,910692,d_g2_1,0.977539,0
431,910692,d_g2_2,0.999933,0
432,910692,d_g2_3,0.952161,0
433,910692,d_g2_4,0.997778,0
434,910692,d_g2_5,0.472292,0
435,910692,d_g2_6,0.972439,0
436,910692,d_g2_7,0.988051,0
437,910692,d_g2_8,0.999851,0
438,910692,d_g2_9,0.992192,0
439,910692,d_g2_10,0.999981,0
440,910692,d_g3_1,0.991244,0
441,910692,d_g3_2,0.999341,0
442,910692,d_g3_3,0.994271,0
443,910692,d_g3_4,0.999995,0
444,910692,d_g3_5,0.981807,0
445,910692,d_g3_6,0.982627,0
446,910692,d_g3_7,0.999993,0
447,910692,d_g3_8,0.95808,0
448,910692,d_g3_9,0.999312,0
449,910692,d_g3_10,0.999857,0
450,908481,d_g1_1,0.913388,0
451,908481,d_g1_2,0.343818,0
452,908481,d_g1_3,0.101085,0
453,908481,d_g1_4,0.006257,0
454,908481,d_g1_5,0.078905,0
455,908481,d_g1_6,0.090559,0
456,908481,d_g1_7,0.77671,0
457,908481,d_g1_8,0.120319,0
458,908481,d_g1_9,0.190397,0
459,908481,d_g1_10,0.16465,0
460,908481,d_g2_1,0.518567,0
461,908481,d_g2_2,0.923919,0
462,908481,d_g2_3,0.451036,0
463,908481,d_g2_4,0.303414,0
464,908481,d_g2_5,0.376861,0
465,908481,d_g2_6,0.547687,0
466,908481,d_g2_7,0.433075,0
467,908481,d_g2_8,0.907535,0
468,908481,d_g2_9,0.726131,0
469,908481,d_g2_10,0.975536,0
470,908481,d_g3_1,0.917702,0
471,908481,d_g3_2,0.945744,0
472,908481,d_g3_3,0.945646,0
473,908481,d_g3_4,0.99234,0
474,908481,d_g3_5,0.617199,0
475,908481,d_g3_6,0.714425,0
476,908481,d_g3_7,0.99812,0
477,908481,d_g3_8,0.692419,0
478,908481,d_g3_9,0.962747,0
479,908481,d_g3_10,0.991888,0
480,1240142,d_g1_1,,-1
481,1240142,d_g1_2,,-1
482,1240142,d_g1_3,,-1
483,1240142,d_g1_4,,-1
484,1240142,d_g1_5,,-1
485,1240142,d_g1_6,,-1
486,1240142,d_g1_7,,-1
487,1240142,d_g1_8,,-1
488,1240142,d_g1_9,,-1
489,1240142,d_g1_10,,-1
490,1240142,d_g2_1,,-1
491,1240142,d_g2_2,,-1
492,1240142,d_g2_3,,-1
493,1240142,d_g2_4,,-1
494,1240142,d_g2_5,,-1
495,1240142,d_g2_6,,-1
496,1240142,d_g2_7,,-1
497,1240142,d_g2_8,,-1
498,1240142,d_g2_9,,-1
499,1240142,d_g2_10,,-1
500,1240142,d_g3_1,,-1
501,1240142,d_g3_2,,-1
502,1240142,d_g3_3,,-1
503,1240142,d_g3_4,,-1
504,1240142,d_g3_5,,-1
505,1240142,d_g3_6,,-1
506,1240142,d_g3_7,,-1
507,1240142,d_g3_8,,-1
508,1240142,d_g3_9,,-1
509,1240142,d_g3_10,,-1
510,906808,d_g1_1,0.929742,0
511,906808,d_g1_2,0.312709,0
512,906808,d_g1_3,0.082823,0
513,906808,d_g1_4,0.00431,0
514,906808,d_g1_5,0.066486,0
515,906808,d_g1_6,0.069497,0
516,906808,d_g1_7,0.799539,0
517,906808,d_g1_8,0.098965,0
518,906808,d_g1_9,0.149943,0
519,906808,d_g1_10,0.096738,0
520,906808,d_g2_1,0.595282,0
521,906808,d_g2_2,0.938142,0
522,906808,d_g2_3,0.477568,0
523,906808,d_g2_4,0.257813,0
524,906808,d_g2_5,0.323399,0
525,906808,d_g2_6,0.575062,0
526,906808,d_g2_7,0.486784,0
527,906808,d_g2_8,0.941429,0
528,906808,d_g2_9,0.812804,0
529,906808,d_g2_10,0.987087,0
530,906808,d_g3_1,0.930173,0
531,906808,d_g3_2,0.967469,0
532,906808,d_g3_3,0.952265,0
533,906808,d_g3_4,0.99518,0
534,906808,d_g3_5,0.658247,0
535,906808,d_g3_6,0.749282,0
536,906808,d_g3_7,0.998851,0
537,906808,d_g3_8,0.728943,0
538,906808,d_g3_9,0.976917,0
539,906808,d_g3_10,0.99523,0
540,688018,d_g1_1,0.998214,0
541,688018,d_g1_2,0.957825,0
542,688018,d_g1_3,0.767566,0
543,688018,d_g1_4,0.366896,0
544,688018,d_g1_5,0.657873,0
545,688018,d_g1_6,0.535443,0
546,688018,d_g1_7,0.985571,0
547,688018,d_g1_8,0.758079,0
548,688018,d_g1_9,0.73286,0
549,688018,d_g1_10,0.900488,0
550,688018,d_g2_1,0.985283,0
551,688018,d_g2_2,0.999929,0
552,688018,d_g2_3,0.902475,0
553,688018,d_g2_4,0.996636,0
554,688018,d_g2_5,0.647003,0
555,688018,d_g2_6,0.978725,0
556,688018,d_g2_7,0.98811,0
557,688018,d_g2_8,0.999841,0
558,688018,d_g2_9,0.994026,0
559,688018,d_g2_10,0.99998,0
560,688018,d_g3_1,0.995522,0
561,688018,d_g3_2,0.999425,0
562,688018,d_g3_3,0.994216,0
563,688018,d_g3_4,0.999994,0
564,688018,d_g3_5,0.993671,0
565,688018,d_g3_6,0.99396,0
566,688018,d_g3_7,0.999992,0
567,688018,d_g3_8,0.978851,0
568,688018,d_g3_9,0.999472,0
569,688018,d_g3_10,0.999951,0
570,1298537,d_g1_1,0.959165,1
571,1298537,d_g1_2,0.954894,1
572,1298537,d_g1_3,0.992847,1
573,1298537,d_g1_4,0.991837,1
574,1298537,d_g1_5,0.987686,1
575,1298537,d_g1_6,0.973323,1
576,1298537,d_g1_7,0.999392,1
577,1298537,d_g1_8,0.9537,1
578,1298537,d_g1_9,0.979987,1
579,1298537,d_g1_10,0.998262,1
580,1298537,d_g2_1,0.999327,1
581,1298537,d_g2_2,0.999869,1
582,1298537,d_g2_3,0.998008,1
583,1298537,d_g2_4,0.999878,1
584,1298537,d_g2_5,0.999853,1
585,1298537,d_g2_6,0.999945,1
586,1298537,d_g2_7,0.999879,1
587,1298537,d_g2_8,0.999927,1
588,1298537,d_g2_9,0.999959,1
589,1298537,d_g2_10,0.999781,1
590,1298537,d_g3_1,0.999019,1
591,1298537,d_g3_2,0.998757,1
592,1298537,d_g3_3,0.999209,1
593,1298537,d_g3_4,0.997933,1
594,1298537,d_g3_5,0.994657,1
595,1298537,d_g3_6,0.998353,1
596,1298537,d_g3_7,0.998934,1
597,1298537,d_g3_8,0.996917,1
598,1298537,d_g3_9,0.999392,1
599,1298537,d_g3_10,0.999721,1
600,724878,d_g1_1,,-1
601,724878,d_g1_2,,-1
602,724878,d_g1_3,,-1
603,724878,d_g1_4,,-1
604,724878,d_g1_5,,-1
605,724878,d_g1_6,,-1
606,724878,d_g1_7,,-1
607,724878,d_g1_8,,-1
608,724878,d_g1_9,,-1
609,724878,d_g1_10,,-1
610,724878,d_g2_1,,-1
611,724878,d_g2_2,,-1
612,724878,d_g2_3,,-1
613,724878,d_g2_4,,-1
614,724878,d_g2_5,,-1
615,724878,d_g2_6,,-1
616,724878,d_g2_7,,-1
617,724878,d_g2_8,,-1
618,724878,d_g2_9,,-1
619,724878,d_g2_10,,-1
620,724878,d_g3_1,,-1
621,724878,d_g3_2,,-1
622,724878,d_g3_3,,-1
623,724878,d_g3_4,,-1
624,724878,d_g3_5,,-1
625,724878,d_g3_6,,-1
626,724878,d_g3_7,,-1
627,724878,d_g3_8,,-1
628,724878,d_g3_9,,-1
629,724878,d_g3_10,,-1
630,753608,d_g1_1,0.915151,1
631,753608,d_g1_2,0.815651,1
632,753608,d_g1_3,0.936994,1
633,753608,d_g1_4,0.935597,1
634,753608,d_g1_5,0.895768,1
635,753608,d_g1_6,0.841643,1
636,753608,d_g1_7,0.994945,1
637,753608,d_g1_8,0.863699,1
638,753608,d_g1_9,0.897768,1
639,753608,d_g1_10,0.98546,1
640,753608,d_g2_1,0.991974,1
641,753608,d_g2_2,0.997828,1
642,753608,d_g2_3,0.98019,1
643,753608,d_g2_4,0.998037,1
644,753608,d_g2_5,0.998839,1
645,753608,d_g2_6,0.999563,1
646,753608,d_g2_7,0.997441,1
647,753608,d_g2_8,0.998706,1
648,753608,d_g2_9,0.999141,1
649,753608,d_g2_10,0.998384,1
650,753608,d_g3_1,0.990914,1
651,753608,d_g3_2,0.988516,1
652,753608,d_g3_3,0.992667,1
653,753608,d_g3_4,0.981037,1
654,753608,d_g3_5,0.955228,1
655,753608,d_g3_6,0.984838,1
656,753608,d_g3_7,0.990135,1
657,753608,d_g3_8,0.971946,1
658,753608,d_g3_9,0.994352,1
659,753608,d_g3_10,0.997407,1
660,753605,d_g1_1,0.974998,0
661,753605,d_g1_2,0.655123,0
662,753605,d_g1_3,0.269796,0
663,753605,d_g1_4,0.013488,0
664,753605,d_g1_5,0.225652,0
665,753605,d_g1_6,0.246515,0
666,753605,d_g1_7,0.862783,0
667,753605,d_g1_8,0.31006,0
668,753605,d_g1_9,0.441953,0
669,753605,d_g1_10,0.089441,0
670,753605,d_g2_1,0.831658,0
671,753605,d_g2_2,0.984984,0
672,753605,d_g2_3,0.57246,0
673,753605,d_g2_4,0.314266,0
674,753605,d_g2_5,0.343211,0
675,753605,d_g2_6,0.782515,0
676,753605,d_g2_7,0.644427,0
677,753605,d_g2_8,0.990426,0
678,753605,d_g2_9,0.938229,0
679,753605,d_g2_10,0.998395,0
680,753605,d_g3_1,0.947985,0
681,753605,d_g3_2,0.989046,0
682,753605,d_g3_3,0.969182,0
683,753605,d_g3_4,0.999269,0
684,753605,d_g3_5,0.830205,0
685,753605,d_g3_6,0.836721,0
686,753605,d_g3_7,0.999671,0
687,753605,d_g3_8,0.786294,0
688,753605,d_g3_9,0.993291,0
689,753605,d_g3_10,0.998424,0
690,688006,d_g1_1,0.410576,0
691,688006,d_g1_2,0.483968,0
692,688006,d_g1_3,0.260096,0
693,688006,d_g1_4,0.002676,0
694,688006,d_g1_5,0.217068,0
695,688006,d_g1_6,0.100765,0
696,688006,d_g1_7,0.880718,0
697,688006,d_g1_8,0.299506,0
698,688006,d_g1_9,0.21751,0
699,688006,d_g1_10,0.348479,0
700,688006,d_g2_1,0.414114,0
701,688006,d_g2_2,0.291078,0
702,688006,d_g2_3,0.356371,0
703,688006,d_g2_4,0.443186,0
704,688006,d_g2_5,0.065036,0
705,688006,d_g2_6,0.576533,0
706,688006,d_g2_7,0.103545,0
707,688006,d_g2_8,0.310089,0
708,688006,d_g2_9,0.352842,0
709,688006,d_g2_10,0.65639,0
710,688006,d_g3_1,0.984578,0
711,688006,d_g3_2,0.93908,0
712,688006,d_g3_3,0.975646,0
713,688006,d_g3_4,0.896005,0
714,688006,d_g3_5,0.902258,0
715,688006,d_g3_6,0.934739,0
716,688006,d_g3_7,0.931562,0
717,688006,d_g3_8,0.927999,0
718,688006,d_g3_9,0.966117,0
719,688006,d_g3_10,0.989593,0
720,687798,d_g1_1,0.668049,1
721,687798,d_g1_2,0.349513,1
722,687798,d_g1_3,0.475378,1
723,687798,d_g1_4,0.590427,1
724,687798,d_g1_5,0.379329,1
725,687798,d_g1_6,0.314332,1
726,687798,d_g1_7,0.881473,1
727,687798,d_g1_8,0.216782,1
728,687798,d_g1_9,0.470774,1
729,687798,d_g1_10,0.719169,1
730,687798,d_g2_1,0.823622,1
731,687798,d_g2_2,0.897192,1
732,687798,d_g2_3,0.753806,1
733,687798,d_g2_4,0.882659,1
734,687798,d_g2_5,0.875965,1
735,687798,d_g2_6,0.949421,1
736,687798,d_g2_7,0.857644,1
737,687798,d_g2_8,0.894814,1
738,687798,d_g2_9,0.962861,1
739,687798,d_g2_10,0.886615,1
740,687798,d_g3_1,0.804716,1
741,687798,d_g3_2,0.764829,1
742,687798,d_g3_3,0.836466,1
743,687798,d_g3_4,0.661551,1
744,687798,d_g3_5,0.721522,1
745,687798,d_g3_6,0.710493,1
746,687798,d_g3_7,0.791332,1
747,687798,d_g3_8,0.566921,1
748,687798,d_g3_9,0.869312,1
749,687798,d_g3_10,0.935612,1
750,687802,d_g1_1,,-1
751,687802,d_g1_2,,-1
752,687802,d_g1_3,,-1
753,687802,d_g1_4,,-1
754,687802,d_g1_5,,-1
755,687802,d_g1_6,,-1
756,687802,d_g1_7,,-1
757,687802,d_g1_8,,-1
758,687802,d_g1_9,,-1
759,687802,d_g1_10,,-1
760,687802,d_g2_1,,-1
761,687802,d_g2_2,,-1
762,687802,d_g2_3,,-1
763,687802,d_g2_4,,-1
764,687802,d_g2_5,,-1
765,687802,d_g2_6,,-1
766,687802,d_g2_7,,-1
767,687802,d_g2_8,,-1
768,687802,d_g2_9,,-1
769,687802,d_g2_10,,-1
770,687802,d_g3_1,,-1
771,687802,d_g3_2,,-1
772,687802,d_g3_3,,-1
773,687802,d_g3_4,,-1
774,687802,d_g3_5,,-1
775,687802,d_g3_6,,-1
776,687802,d_g3_7,,-1
777,687802,d_g3_8,,-1
778,687802,d_g3_9,,-1
779,687802,d_g3_10,,-1
780,753588,d_g1_1,0.002305,0
781,753588,d_g1_2,0.007981,0
782,753588,d_g1_3,0.00121,0
783,753588,d_g1_4,1.9e-05,0
784,753588,d_g1_5,0.001738,0
785,753588,d_g1_6,0.003791,0
786,753588,d_g1_7,0.167777,0
787,753588,d_g1_8,0.002654,0
788,753588,d_g1_9,0.005055,0
789,753588,d_g1_10,0.005388,0
790,753588,d_g2_1,0.008387,0
791,753588,d_g2_2,0.030044,0
792,753588,d_g2_3,0.009224,0
793,753588,d_g2_4,0.042686,0
794,753588,d_g2_5,0.002316,0
795,753588,d_g2_6,0.029325,0
796,753588,d_g2_7,0.008484,0
797,753588,d_g2_8,0.021193,0
798,753588,d_g2_9,0.01375,0
799,753588,d_g2_10,0.038637,0
800,753588,d_g3_1,0.554668,0
801,753588,d_g3_2,0.400302,0
802,753588,d_g3_3,0.792146,0
803,753588,d_g3_4,0.051796,0
804,753588,d_g3_5,0.142827,0
805,753588,d_g3_6,0.288567,0
806,753588,d_g3_7,0.030055,0
807,753588,d_g3_8,0.175258,0
808,753588,d_g3_9,0.819087,0
809,753588,d_g3_10,0.708248,0
810,1298348,d_g1_1,0.948157,1
811,1298348,d_g1_2,0.847701,1
812,1298348,d_g1_3,0.965473,1
813,1298348,d_g1_4,0.964683,1
814,1298348,d_g1_5,0.941723,1
815,1298348,d_g1_6,0.909037,1
816,1298348,d_g1_7,0.997305,1
817,1298348,d_g1_8,0.936814,1
818,1298348,d_g1_9,0.953673,1
819,1298348,d_g1_10,0.992214,1
820,1298348,d_g2_1,0.995715,1
821,1298348,d_g2_2,0.998426,1
822,1298348,d_g2_3,0.99348,1
823,1298348,d_g2_4,0.998492,1
824,1298348,d_g2_5,0.999261,1
825,1298348,d_g2_6,0.999722,1
826,1298348,d_g2_7,0.998033,1
827,1298348,d_g2_8,0.999037,1
828,1298348,d_g2_9,0.99934,1
829,1298348,d_g2_10,0.998796,1
830,1298348,d_g3_1,0.995147,1
831,1298348,d_g3_2,0.993859,1
832,1298348,d_g3_3,0.996087,1
833,1298348,d_g3_4,0.989824,1
834,1298348,d_g3_5,0.974027,1
835,1298348,d_g3_6,0.991879,1
836,1298348,d_g3_7,0.994729,1
837,1298348,d_g3_8,0.984882,1
838,1298348,d_g3_9,0.996988,1
839,1298348,d_g3_10,0.998619,1
840,724873,d_g1_1,,-1
841,724873,d_g1_2,,-1
842,724873,d_g1_3,,-1
843,724873,d_g1_4,,-1
844,724873,d_g1_5,,-1
845,724873,d_g1_6,,-1
846,724873,d_g1_7,,-1
847,724873,d_g1_8,,-1
848,724873,d_g1_9,,-1
849,724873,d_g1_10,,-1
850,724873,d_g2_1,,-1
851,724873,d_g2_2,,-1
852,724873,d_g2_3,,-1
853,724873,d_g2_4,,-1
854,724873,d_g2_5,,-1
855,724873,d_g2_6,,-1
856,724873,d_g2_7,,-1
857,724873,d_g2_8,,-1
858,724873,d_g2_9,,-1
859,724873,d_g2_10,,-1
860,724873,d_g3_1,,-1
861,724873,d_g3_2,,-1
862,724873,d_g3_3,,-1
863,724873,d_g3_4,,-1
864,724873,d_g3_5,,-1
865,724873,d_g3_6,,-1
866,724873,d_g3_7,,-1
867,724873,d_g3_8,,-1
868,724873,d_g3_9,,-1
869,724873,d_g3_10,,-1
870,724866,d_g1_1,0.774925,1
871,724866,d_g1_2,0.466225,1
872,724866,d_g1_3,0.595635,1
873,724866,d_g1_4,0.700905,1
874,724866,d_g1_5,0.49837,1
875,724866,d_g1_6,0.427009,1
876,724866,d_g1_7,0.922379,1
877,724866,d_g1_8,0.390217,1
878,724866,d_g1_9,0.591179,1
879,724866,d_g1_10,0.803611,1
880,724866,d_g2_1,0.881817,1
881,724866,d_g2_2,0.945726,1
882,724866,d_g2_3,0.747353,1
883,724866,d_g2_4,0.951476,1
884,724866,d_g2_5,0.985756,1
885,724866,d_g2_6,0.994598,1
886,724866,d_g2_7,0.937627,1
887,724866,d_g2_8,0.97249,1
888,724866,d_g2_9,0.978196,1
889,724866,d_g2_10,0.962307,1
890,724866,d_g3_1,0.868151,1
891,724866,d_g3_2,0.838622,1
892,724866,d_g3_3,0.890984,1
893,724866,d_g3_4,0.757475,1
894,724866,d_g3_5,0.808129,1
895,724866,d_g3_6,0.796806,1
896,724866,d_g3_7,0.858349,1
897,724866,d_g3_8,0.676552,1
898,724866,d_g3_9,0.914006,1
899,724866,d_g3_10,0.958709,1
900,908469,d_g1_1,0.900151,0
901,908469,d_g1_2,0.338107,0
902,908469,d_g1_3,0.172226,0
903,908469,d_g1_4,0.013894,0
904,908469,d_g1_5,0.20267,0
905,908469,d_g1_6,0.058872,0
906,908469,d_g1_7,0.792372,0
907,908469,d_g1_8,0.281606,0
908,908469,d_g1_9,0.132158,0
909,908469,d_g1_10,0.133827,0
910,908469,d_g2_1,0.570894,0
911,908469,d_g2_2,0.770422,0
912,908469,d_g2_3,0.466028,0
913,908469,d_g2_4,0.136174,0
914,908469,d_g2_5,0.287237,0
915,908469,d_g2_6,0.593127,0
916,908469,d_g2_7,0.204729,0
917,908469,d_g2_8,0.889458,0
918,908469,d_g2_9,0.71136,0
919,908469,d_g2_10,0.973331,0
920,908469,d_g3_1,0.979982,0
921,908469,d_g3_2,0.956655,0
922,908469,d_g3_3,0.955534,0
923,908469,d_g3_4,0.991147,0
924,908469,d_g3_5,0.890748,0
925,908469,d_g3_6,0.926743,0
926,908469,d_g3_7,0.997235,0
927,908469,d_g3_8,0.919249,0
928,908469,d_g3_9,0.960035,0
929,908469,d_g3_10,0.996637,0
930,688013,d_g1_1,0.963866,0
931,688013,d_g1_2,0.474291,0
932,688013,d_g1_3,0.272036,0
933,688013,d_g1_4,0.019083,0
934,688013,d_g1_5,0.236198,0
935,688013,d_g1_6,0.104059,0
936,688013,d_g1_7,0.794507,0
937,688013,d_g1_8,0.32512,0
938,688013,d_g1_9,0.21663,0
939,688013,d_g1_10,0.131698,0
940,688013,d_g2_1,0.580708,0
941,688013,d_g2_2,0.833986,0
942,688013,d_g2_3,0.436673,0
943,688013,d_g2_4,0.114893,0
944,688013,d_g2_5,0.371098,0
945,688013,d_g2_6,0.567443,0
946,688013,d_g2_7,0.266128,0
947,688013,d_g2_8,0.923528,0
948,688013,d_g2_9,0.800701,0
949,688013,d_g2_10,0.983647,0
950,688013,d_g3_1,0.972005,0
951,688013,d_g3_2,0.972958,0
952,688013,d_g3_3,0.950831,0
953,688013,d_g3_4,0.994551,0
954,688013,d_g3_5,0.833893,0
955,688013,d_g3_6,0.886227,0
956,688013,d_g3_7,0.998759,0
957,688013,d_g3_8,0.875146,0
958,688013,d_g3_9,0.9751,0
959,688013,d_g3_10,0.997934,0
960,687807,d_g1_1,0.760441,1
961,687807,d_g1_2,0.446077,1
962,687807,d_g1_3,0.575928,1
963,687807,d_g1_4,0.683603,1
964,687807,d_g1_5,0.478076,1
965,687807,d_g1_6,0.407262,1
966,687807,d_g1_7,0.893172,1
967,687807,d_g1_8,0.373659,1
968,687807,d_g1_9,0.571411,1
969,687807,d_g1_10,0.742204,1
970,687807,d_g2_1,0.839995,1
971,687807,d_g2_2,0.950565,1
972,687807,d_g2_3,0.517232,1
973,687807,d_g2_4,0.955826,1
974,687807,d_g2_5,0.987393,1
975,687807,d_g2_6,0.996256,1
976,687807,d_g2_7,0.943145,1
977,687807,d_g2_8,0.975006,1
978,687807,d_g2_9,0.980201,1
979,687807,d_g2_10,0.965721,1
980,687807,d_g3_1,0.822466,1
981,687807,d_g3_2,0.785237,1
982,687807,d_g3_3,0.851861,1
983,687807,d_g3_4,0.687256,1
984,687807,d_g3_5,0.795218,1
985,687807,d_g3_6,0.733975,1
986,687807,d_g3_7,0.810011,1
987,687807,d_g3_8,0.595417,1
988,687807,d_g3_9,0.882051,1
989,687807,d_g3_10,0.942317,1
990,906791,d_g1_1,,-1
991,906791,d_g1_2,,-1
992,906791,d_g1_3,,-1
993,906791,d_g1_4,,-1
994,906791,d_g1_5,,-1
995,906791,d_g1_6,,-1
996,906791,d_g1_7,,-1
997,906791,d_g1_8,,-1
998,906791,d_g1_9,,-1
999,906791,d_g1_10,,-1
1000,906791,d_g2_1,,-1
1001,906791,d_g2_2,,-1
1002,906791,d_g2_3,,-1
1003,906791,d_g2_4,,-1
1004,906791,d_g2_5,,-1
1005,906791,d_g2_6,,-1
1006,906791,d_g2_7,,-1
1007,906791,d_g2_8,,-1
1008,906791,d_g2_9,,-1
1009,906791,d_g2_10,,-1
1010,906791,d_g3_1,,-1
1011,906791,d_g3_2,,-1
1012,906791,d_g3_3,,-1
1013,906791,d_g3_4,,-1
1014,906791,d_g3_5,,-1
1015,906791,d_g3_6,,-1
1016,906791,d_g3_7,,-1
1017,906791,d_g3_8,,-1
1018,906791,d_g3_9,,-1
1019,906791,d_g3_10,,-1
1020,1297438,d_g1_1,0.854043,0
1021,1297438,d_g1_2,0.203342,0
1022,1297438,d_g1_3,0.080907,0
1023,1297438,d_g1_4,0.011726,0
1024,1297438,d_g1_5,0.111884,0
1025,1297438,d_g1_6,0.026034,0
1026,1297438,d_g1_7,0.653758,0
1027,1297438,d_g1_8,0.226993,0
1028,1297438,d_g1_9,0.057832,0
1029,1297438,d_g1_10,0.046342,0
1030,1297438,d_g2_1,0.411724,0
1031,1297438,d_g2_2,0.649444,0
1032,1297438,d_g2_3,0.206651,0
1033,1297438,d_g2_4,0.05075,0
1034,1297438,d_g2_5,0.1675,0
1035,1297438,d_g2_6,0.552645,0
1036,1297438,d_g2_7,0.081856,0
1037,1297438,d_g2_8,0.810754,0
1038,1297438,d_g2_9,0.775223,0
1039,1297438,d_g2_10,0.979861,0
1040,1297438,d_g3_1,0.976463,0
1041,1297438,d_g3_2,0.968638,0
1042,1297438,d_g3_3,0.947945,0
1043,1297438,d_g3_4,0.993658,0
1044,1297438,d_g3_5,0.924433,0
1045,1297438,d_g3_6,0.949953,0
1046,1297438,d_g3_7,0.997665,0
1047,1297438,d_g3_8,0.944692,0
1048,1297438,d_g3_9,0.971112,0
1049,1297438,d_g3_10,0.997594,0
1050,909194,d_g1_1,0.925877,0
1051,909194,d_g1_2,0.372086,0
1052,909194,d_g1_3,0.112397,0
1053,909194,d_g1_4,0.006427,0
1054,909194,d_g1_5,0.090078,0
1055,909194,d_g1_6,0.095237,0
1056,909194,d_g1_7,0.790423,0
1057,909194,d_g1_8,0.133464,0
1058,909194,d_g1_9,0.199104,0
1059,909194,d_g1_10,0.179911,0
1060,909194,d_g2_1,0.538719,0
1061,909194,d_g2_2,0.943731,0
1062,909194,d_g2_3,0.465043,0
1063,909194,d_g2_4,0.330689,0
1064,909194,d_g2_5,0.370798,0
1065,909194,d_g2_6,0.562328,0
1066,909194,d_g2_7,0.447685,0
1067,909194,d_g2_8,0.917969,0
1068,909194,d_g2_9,0.751428,0
1069,909194,d_g2_10,0.982518,0
1070,909194,d_g3_1,0.926494,0
1071,909194,d_g3_2,0.953957,0
1072,909194,d_g3_3,0.949656,0
1073,909194,d_g3_4,0.99313,0
1074,909194,d_g3_5,0.645699,0
1075,909194,d_g3_6,0.73875,0
1076,909194,d_g3_7,0.998351,0
1077,909194,d_g3_8,0.717878,0
1078,909194,d_g3_9,0.967176,0
1079,909194,d_g3_10,0.993167,0
1080,1298538,d_g1_1,,-1
1081,1298538,d_g1_2,,-1
1082,1298538,d_g1_3,,-1
1083,1298538,d_g1_4,,-1
1084,1298538,d_g1_5,,-1
1085,1298538,d_g1_6,,-1
1086,1298538,d_g1_7,,-1
1087,1298538,d_g1_8,,-1
1088,1298538,d_g1_9,,-1
1089,1298538,d_g1_10,,-1
1090,1298538,d_g2_1,,-1
1091,1298538,d_g2_2,,-1
1092,1298538,d_g2_3,,-1
1093,1298538,d_g2_4,,-1
1094,1298538,d_g2_5,,-1
1095,1298538,d_g2_6,,-1
1096,1298538,d_g2_7,,-1
1097,1298538,d_g2_8,,-1
1098,1298538,d_g2_9,,-1
1099,1298538,d_g2_10,,-1
1100,1298538,d_g3_1,,-1
1101,1298538,d_g3_2,,-1
1102,1298538,d_g3_3,,-1
1103,1298538,d_g3_4,,-1
1104,1298538,d_g3_5,,-1
1105,1298538,d_g3_6,,-1
1106,1298538,d_g3_7,,-1
1107,1298538,d_g3_8,,-1
1108,1298538,d_g3_9,,-1
1109,1298538,d_g3_10,,-1
1110,908460,d_g1_1,,-1
1111,908460,d_g1_2,,-1
1112,908460,d_g1_3,,-1
1113,908460,d_g1_4,,-1
1114,908460,d_g1_5,,-1
1115,908460,d_g1_6,,-1
1116,908460,d_g1_7,,-1
1117,908460,d_g1_8,,-1
1118,908460,d_g1_9,,-1
1119,908460,d_g1_10,,-1
1120,908460,d_g2_1,,-1
1121,908460,d_g2_2,,-1
1122,908460,d_g2_3,,-1
1123,908460,d_g2_4,,-1
1124,908460,d_g2_5,,-1
1125,908460,d_g2_6,,-1
1126,908460,d_g2_7,,-1
1127,908460,d_g2_8,,-1
1128,908460,d_g2_9,,-1
1129,908460,d_g2_10,,-1
1130,908460,d_g3_1,,-1
1131,908460,d_g3_2,,-1
1132,908460,d_g3_3,,-1
1133,908460,d_g3_4,,-1
1134,908460,d_g3_5,,-1
1135,908460,d_g3_6,,-1
1136,908460,d_g3_7,,-1
1137,908460,d_g3_8,,-1
1138,908460,d_g3_9,,-1
1139,908460,d_g3_10,,-1
1140,713880,d_g1_1,0.724238,0
1141,713880,d_g1_2,0.679486,0
1142,713880,d_g1_3,0.348626,0
1143,713880,d_g1_4,0.003861,0
1144,713880,d_g1_5,0.292168,0
1145,713880,d_g1_6,0.241452,0
1146,713880,d_g1_7,0.929417,0
1147,713880,d_g1_8,0.394302,0
1148,713880,d_g1_9,0.425933,0
1149,713880,d_g1_10,0.6201,0
1150,713880,d_g2_1,0.56287,0
1151,713880,d_g2_2,0.979959,0
1152,713880,d_g2_3,0.486909,0
1153,713880,d_g2_4,0.920697,0
1154,713880,d_g2_5,0.138815,0
1155,713880,d_g2_6,0.700006,0
1156,713880,d_g2_7,0.312608,0
1157,713880,d_g2_8,0.956167,0
1158,713880,d_g2_9,0.604722,0
1159,713880,d_g2_10,0.99417,0
1160,713880,d_g3_1,0.982534,0
1161,713880,d_g3_2,0.985686,0
1162,713880,d_g3_3,0.985043,0
1163,713880,d_g3_4,0.998323,0
1164,713880,d_g3_5,0.890518,0
1165,713880,d_g3_6,0.926583,0
1166,713880,d_g3_7,0.997715,0
1167,713880,d_g3_8,0.919073,0
1168,713880,d_g3_9,0.987115,0
1169,713880,d_g3_10,0.997934,0
1170,724879,d_g1_1,,-1
1171,724879,d_g1_2,,-1
1172,724879,d_g1_3,,-1
1173,724879,d_g1_4,,-1
1174,724879,d_g1_5,,-1
1175,724879,d_g1_6,,-1
1176,724879,d_g1_7,,-1
1177,724879,d_g1_8,,-1
1178,724879,d_g1_9,,-1
1179,724879,d_g1_10,,-1
1180,724879,d_g2_1,,-1
1181,724879,d_g2_2,,-1
1182,724879,d_g2_3,,-1
1183,724879,d_g2_4,,-1
1184,724879,d_g2_5,,-1
1185,724879,d_g2_6,,-1
1186,724879,d_g2_7,,-1
1187,724879,d_g2_8,,-1
1188,724879,d_g2_9,,-1
1189,724879,d_g2_10,,-1
1190,724879,d_g3_1,,-1
1191,724879,d_g3_2,,-1
1192,724879,d_g3_3,,-1
1193,724879,d_g3_4,,-1
1194,724879,d_g3_5,,-1
1195,724879,d_g3_6,,-1
1196,724879,d_g3_7,,-1
1197,724879,d_g3_8,,-1
1198,724879,d_g3_9,,-1
1199,724879,d_g3_10,,-1
1200,1299062,d_g1_1,0.99995,0
1201,1299062,d_g1_2,0.999593,0
1202,1299062,d_g1_3,0.491751,0
1203,1299062,d_g1_4,0.926504,0
1204,1299062,d_g1_5,0.343043,0
1205,1299062,d_g1_6,0.743869,0
1206,1299062,d_g1_7,0.999716,0
1207,1299062,d_g1_8,0.38669,0
1208,1299062,d_g1_9,0.999301,0
1209,1299062,d_g1_10,0.74446,0
1210,1299062,d_g2_1,0.99989,0
1211,1299062,d_g2_2,1.0,0
1212,1299062,d_g2_3,0.998946,0
1213,1299062,d_g2_4,0.999998,0
1214,1299062,d_g2_5,0.986118,0
1215,1299062,d_g2_6,0.999462,0
1216,1299062,d_g2_7,0.999968,0
1217,1299062,d_g2_8,1.0,0
1218,1299062,d_g2_9,0.999987,0
1219,1299062,d_g2_10,1.0,0
1220,1299062,d_g3_1,0.996826,0
1221,1299062,d_g3_2,1.0,0
1222,1299062,d_g3_3,0.999995,0
1223,1299062,d_g3_4,1.0,0
1224,1299062,d_g3_5,0.999609,0
1225,1299062,d_g3_6,0.997428,0
1226,1299062,d_g3_7,1.0,0
1227,1299062,d_g3_8,0.990916,0
1228,1299062,d_g3_9,0.999997,0
1229,1299062,d_g3_10,0.999979,0
1230,905949,d_g1_1,0.936642,1
1231,905949,d_g1_2,0.789493,1
1232,905949,d_g1_3,0.923396,1
1233,905949,d_g1_4,0.921722,1
1234,905949,d_g1_5,0.874465,1
1235,905949,d_g1_6,0.811603,1
1236,905949,d_g1_7,0.993771,1
1237,905949,d_g1_8,0.901451,1
1238,905949,d_g1_9,0.898725,1
1239,905949,d_g1_10,0.982123,1
1240,905949,d_g2_1,0.990116,1
1241,905949,d_g2_2,0.996963,1
1242,905949,d_g2_3,0.981219,1
1243,905949,d_g2_4,0.996867,1
1244,905949,d_g2_5,0.999131,1
1245,905949,d_g2_6,0.999673,1
1246,905949,d_g2_7,0.995918,1
1247,905949,d_g2_8,0.998097,1
1248,905949,d_g2_9,0.998628,1
1249,905949,d_g2_10,0.997592,1
1250,905949,d_g3_1,0.988814,1
1251,905949,d_g3_2,0.98587,1
1252,905949,d_g3_3,0.990969,1
1253,905949,d_g3_4,0.976708,1
1254,905949,d_g3_5,0.947603,1
1255,905949,d_g3_6,0.98136,1
1256,905949,d_g3_7,0.987857,1
1257,905949,d_g3_8,0.965615,1
1258,905949,d_g3_9,0.993041,1
1259,905949,d_g3_10,0.996802,1
1260,905967,d_g1_1,,-1
1261,905967,d_g1_2,,-1
1262,905967,d_g1_3,,-1
1263,905967,d_g1_4,,-1
1264,905967,d_g1_5,,-1
1265,905967,d_g1_6,,-1
1266,905967,d_g1_7,,-1
1267,905967,d_g1_8,,-1
1268,905967,d_g1_9,,-1
1269,905967,d_g1_10,,-1
1270,905967,d_g2_1,,-1
1271,905967,d_g2_2,,-1
1272,905967,d_g2_3,,-1
1273,905967,d_g2_4,,-1
1274,905967,d_g2_5,,-1
1275,905967,d_g2_6,,-1
1276,905967,d_g2_7,,-1
1277,905967,d_g2_8,,-1
1278,905967,d_g2_9,,-1
1279,905967,d_g2_10,,-1
1280,905967,d_g3_1,,-1
1281,905967,d_g3_2,,-1
1282,905967,d_g3_3,,-1
1283,905967,d_g3_4,,-1
1284,905967,d_g3_5,,-1
1285,905967,d_g3_6,,-1
1286,905967,d_g3_7,,-1
1287,905967,d_g3_8,,-1
1288,905967,d_g3_9,,-1
1289,905967,d_g3_10,,-1
1290,908472,d_g1_1,0.915252,1
1291,908472,d_g1_2,0.732605,1
1292,908472,d_g1_3,0.947004,1
1293,908472,d_g1_4,0.945816,1
1294,908472,d_g1_5,0.911711,1
1295,908472,d_g1_6,0.864613,1
1296,908472,d_g1_7,0.99579,1
1297,908472,d_g1_8,0.910534,1
1298,908472,d_g1_9,0.929355,1
1299,908472,d_g1_10,0.98787,1
1300,908472,d_g2_1,0.993311,1
1301,908472,d_g2_2,0.996315,1
1302,908472,d_g2_3,0.989835,1
1303,908472,d_g2_4,0.996012,1
1304,908472,d_g2_5,0.996936,1
1305,908472,d_g2_6,0.998845,1
1306,908472,d_g2_7,0.994808,1
1307,908472,d_g2_8,0.995988,1
1308,908472,d_g2_9,0.998789,1
1309,908472,d_g2_10,0.996163,1
1310,908472,d_g3_1,0.992427,1
1311,908472,d_g3_2,0.990424,1
1312,908472,d_g3_3,0.99389,1
1313,908472,d_g3_4,0.984168,1
1314,908472,d_g3_5,0.959945,1
1315,908472,d_g3_6,0.987349,1
1316,908472,d_g3_7,0.991777,1
1317,908472,d_g3_8,0.976543,1
1318,908472,d_g3_9,0.995295,1
1319,908472,d_g3_10,0.997841,1
1320,908476,d_g1_1,0.962902,1
1321,908476,d_g1_2,0.95361,1
1322,908476,d_g1_3,0.992635,1
1323,908476,d_g1_4,0.992462,1
1324,908476,d_g1_5,0.987323,1
1325,908476,d_g1_6,0.976972,1
1326,908476,d_g1_7,0.99944,1
1327,908476,d_g1_8,0.97183,1
1328,908476,d_g1_9,0.982741,1
1329,908476,d_g1_10,0.998375,1
1330,908476,d_g2_1,0.999108,1
1331,908476,d_g2_2,0.999845,1
1332,908476,d_g2_3,0.997794,1
1333,908476,d_g2_4,0.999876,1
1334,908476,d_g2_5,0.999878,1
1335,908476,d_g2_6,0.999954,1
1336,908476,d_g2_7,0.999838,1
1337,908476,d_g2_8,0.999901,1
1338,908476,d_g2_9,0.999946,1
1339,908476,d_g2_10,0.999832,1
1340,908476,d_g3_1,0.998989,1
1341,908476,d_g3_2,0.99872,1
1342,908476,d_g3_3,0.999186,1
1343,908476,d_g3_4,0.997872,1
1344,908476,d_g3_5,0.994498,1
1345,908476,d_g3_6,0.998304,1
1346,908476,d_g3_7,0.998902,1
1347,908476,d_g3_8,0.996825,1
1348,908476,d_g3_9,0.999374,1
1349,908476,d_g3_10,0.999713,1
1350,722058,d_g1_1,0.819289,1
1351,722058,d_g1_2,0.681021,1
1352,722058,d_g1_3,0.782634,1
1353,722058,d_g1_4,0.851369,1
1354,722058,d_g1_5,0.708323,1
1355,722058,d_g1_6,0.64559,1
1356,722058,d_g1_7,0.975115,1
1357,722058,d_g1_8,0.55023,1
1358,722058,d_g1_9,0.711794,1
1359,722058,d_g1_10,0.931003,1
1360,722058,d_g2_1,0.972157,1
1361,722058,d_g2_2,0.995576,1
1362,722058,d_g2_3,0.808742,1
1363,722058,d_g2_4,0.996067,1
1364,722058,d_g2_5,0.997841,1
1365,722058,d_g2_6,0.998799,1
1366,722058,d_g2_7,0.994875,1
1367,722058,d_g2_8,0.997637,1
1368,722058,d_g2_9,0.998277,1
1369,722058,d_g2_10,0.996283,1
1370,722058,d_g3_1,0.955971,1
1371,722058,d_g3_2,0.944862,1
1372,722058,d_g3_3,0.964223,1
1373,722058,d_g3_4,0.911498,1
1374,722058,d_g3_5,0.911466,1
1375,722058,d_g3_6,0.928218,1
1376,722058,d_g3_7,0.95234,1
1377,722058,d_g3_8,0.873377,1
1378,722058,d_g3_9,0.97226,1
1379,722058,d_g3_10,0.987107,1
1380,1298223,d_g1_1,,-1
1381,1298223,d_g1_2,,-1
1382,1298223,d_g1_3,,-1
1383,1298223,d_g1_4,,-1
1384,1298223,d_g1_5,,-1
1385,1298223,d_g1_6,,-1
1386,1298223,d_g1_7,,-1
1387,1298223,d_g1_8,,-1
1388,1298223,d_g1_9,,-1
1389,1298223,d_g1_10,,-1
1390,1298223,d_g2_1,,-1
1391,1298223,d_g2_2,,-1
1392,1298223,d_g2_3,,-1
1393,1298223,d_g2_4,,-1
1394,1298223,d_g2_5,,-1
1395,1298223,d_g2_6,,-1
1396,1298223,d_g2_7,,-1
1397,1298223,d_g2_8,,-1
1398,1298223,d_g2_9,,-1
1399,1298223,d_g2_10,,-1
1400,1298223,d_g3_1,,-1
1401,1298223,d_g3_2,,-1
1402,1298223,d_g3_3,,-1
1403,1298223,d_g3_4,,-1
1404,1298223,d_g3_5,,-1
1405,1298223,d_g3_6,,-1
1406,1298223,d_g3_7,,-1
1407,1298223,d_g3_8,,-1
1408,1298223,d_g3_9,,-1
1409,1298223,d_g3_10,,-1
1410,1240189,d_g1_1,0.312245,0
1411,1240189,d_g1_2,0.061372,0
1412,1240189,d_g1_3,0.014085,0
1413,1240189,d_g1_4,0.001259,0
1414,1240189,d_g1_5,0.007608,0
1415,1240189,d_g1_6,0.015806,0
1416,1240189,d_g1_7,0.393608,0
1417,1240189,d_g1_8,0.012279,0
1418,1240189,d_g1_9,0.023127,0
1419,1240189,d_g1_10,0.025961,0
1420,1240189,d_g2_1,0.410586,0
1421,1240189,d_g2_2,0.626588,0
1422,1240189,d_g2_3,0.239304,0
1423,1240189,d_g2_4,0.329564,0
1424,1240189,d_g2_5,0.264931,0
1425,1240189,d_g2_6,0.418172,0
1426,1240189,d_g2_7,0.418172,0
1427,1240189,d_g2_8,0.541196,0
1428,1240189,d_g2_9,0.418172,0
1429,1240189,d_g2_10,0.801683,0
1430,1240189,d_g3_1,0.643763,0
1431,1240189,d_g3_2,0.443343,0
1432,1240189,d_g3_3,0.854086,0
1433,1240189,d_g3_4,0.950099,0
1434,1240189,d_g3_5,0.207162,0
1435,1240189,d_g3_6,0.288471,0
1436,1240189,d_g3_7,0.98459,0
1437,1240189,d_g3_8,0.267305,0
1438,1240189,d_g3_9,0.717914,0
1439,1240189,d_g3_10,0.838174,0
1440,1298349,d_g1_1,0.987325,0
1441,1298349,d_g1_2,0.749062,0
1442,1298349,d_g1_3,0.22066,0
1443,1298349,d_g1_4,0.052894,0
1444,1298349,d_g1_5,0.182547,0
1445,1298349,d_g1_6,0.214066,0
1446,1298349,d_g1_7,0.947181,0
1447,1298349,d_g1_8,0.256164,0
1448,1298349,d_g1_9,0.576737,0
1449,1298349,d_g1_10,0.374253,0
1450,1298349,d_g2_1,0.958507,0
1451,1298349,d_g2_2,0.999911,0
1452,1298349,d_g2_3,0.899075,0
1453,1298349,d_g2_4,0.997381,0
1454,1298349,d_g2_5,0.364665,0
1455,1298349,d_g2_6,0.953096,0
1456,1298349,d_g2_7,0.985129,0
1457,1298349,d_g2_8,0.999801,0
1458,1298349,d_g2_9,0.989689,0
1459,1298349,d_g2_10,0.999974,0
1460,1298349,d_g3_1,0.968043,0
1461,1298349,d_g3_2,0.998148,0
1462,1298349,d_g3_3,0.989911,0
1463,1298349,d_g3_4,0.999993,0
1464,1298349,d_g3_5,0.929561,0
1465,1298349,d_g3_6,0.932574,0
1466,1298349,d_g3_7,0.99999,0
1467,1298349,d_g3_8,0.859459,0
1468,1298349,d_g3_9,0.997822,0
1469,1298349,d_g3_10,0.999415,0
1470,687821,d_g1_1,0.986052,1
1471,687821,d_g1_2,0.974983,1
1472,687821,d_g1_3,0.996102,1
1473,687821,d_g1_4,0.99601,1
1474,687821,d_g1_5,0.993273,1
1475,687821,d_g1_6,0.989168,1
1476,687821,d_g1_7,0.999704,1
1477,687821,d_g1_8,0.992692,1
1478,687821,d_g1_9,0.993881,1
1479,687821,d_g1_10,0.999142,1
1480,687821,d_g2_1,0.999681,1
1481,687821,d_g2_2,0.999946,1
1482,687821,d_g2_3,0.997841,1
1483,687821,d_g2_4,0.999956,1
1484,687821,d_g2_5,0.999981,1
1485,687821,d_g2_6,0.999993,1
1486,687821,d_g2_7,0.999943,1
1487,687821,d_g2_8,0.999966,1
1488,687821,d_g2_9,0.999981,1
1489,687821,d_g2_10,0.999966,1
1490,687821,d_g3_1,0.999467,1
1491,687821,d_g3_2,0.999324,1
1492,687821,d_g3_3,0.99957,1
1493,687821,d_g3_4,0.998876,1
1494,687821,d_g3_5,0.99709,1
1495,687821,d_g3_6,0.999105,1
1496,687821,d_g3_7,0.999421,1
1497,687821,d_g3_8,0.998323,1
1498,687821,d_g3_9,0.99967,1
1499,687821,d_g3_10,0.999849,1
1500,1240143,d_g1_1,0.870333,1
1501,1240143,d_g1_2,0.669941,1
1502,1240143,d_g1_3,0.839623,1
1503,1240143,d_g1_4,0.844859,1
1504,1240143,d_g1_5,0.751577,1
1505,1240143,d_g1_6,0.651691,1
1506,1240143,d_g1_7,0.985774,1
1507,1240143,d_g1_8,0.751618,1
1508,1240143,d_g1_9,0.793991,1
1509,1240143,d_g1_10,0.959775,1
1510,1240143,d_g2_1,0.977532,1
1511,1240143,d_g2_2,0.990524,1
1512,1240143,d_g2_3,0.959417,1
1513,1240143,d_g2_4,0.99157,1
1514,1240143,d_g2_5,0.996663,1
1515,1240143,d_g2_6,0.998742,1
1516,1240143,d_g2_7,0.989032,1
1517,1240143,d_g2_8,0.995306,1
1518,1240143,d_g2_9,0.996298,1
1519,1240143,d_g2_10,0.993513,1
1520,1240143,d_g3_1,0.974615,1
1521,1240143,d_g3_2,0.968053,1
1522,1240143,d_g3_3,0.979448,1
1523,1240143,d_g3_4,0.947949,1
1524,1240143,d_g3_5,0.907302,1
1525,1240143,d_g3_6,0.958099,1
1526,1240143,d_g3_7,0.972477,1
1527,1240143,d_g3_8,0.924223,1
1528,1240143,d_g3_9,0.984121,1
1529,1240143,d_g3_10,0.992668,1
1530,908465,d_g1_1,,-1
1531,908465,d_g1_2,,-1
1532,908465,d_g1_3,,-1
1533,908465,d_g1_4,,-1
1534,908465,d_g1_5,,-1
1535,908465,d_g1_6,,-1
1536,908465,d_g1_7,,-1
1537,908465,d_g1_8,,-1
1538,908465,d_g1_9,,-1
1539,908465,d_g1_10,,-1
1540,908465,d_g2_1,,-1
1541,908465,d_g2_2,,-1
1542,908465,d_g2_3,,-1
1543,908465,d_g2_4,,-1
1544,908465,d_g2_5,,-1
1545,908465,d_g2_6,,-1
1546,908465,d_g2_7,,-1
1547,908465,d_g2_8,,-1
1548,908465,d_g2_9,,-1
1549,908465,d_g2_10,,-1
1550,908465,d_g3_1,,-1
1551,908465,d_g3_2,,-1
1552,908465,d_g3_3,,-1
1553,908465,d_g3_4,,-1
1554,908465,d_g3_5,,-1
1555,908465,d_g3_6,,-1
1556,908465,d_g3_7,,-1
1557,908465,d_g3_8,,-1
1558,908465,d_g3_9,,-1
1559,908465,d_g3_10,,-1
1560,688007,d_g1_1,0.668567,0
1561,688007,d_g1_2,0.06932,0
1562,688007,d_g1_3,0.015212,0
1563,688007,d_g1_4,0.0007,0
1564,688007,d_g1_5,0.011636,0
1565,688007,d_g1_6,0.015637,0
1566,688007,d_g1_7,0.446513,0
1567,688007,d_g1_8,0.018177,0
1568,688007,d_g1_9,0.033129,0
1569,688007,d_g1_10,0.04171,0
1570,688007,d_g2_1,0.248613,0
1571,688007,d_g2_2,0.942234,0
1572,688007,d_g2_3,0.204789,0
1573,688007,d_g2_4,0.402274,0
1574,688007,d_g2_5,0.082743,0
1575,688007,d_g2_6,0.397793,0
1576,688007,d_g2_7,0.439898,0
1577,688007,d_g2_8,0.894732,0
1578,688007,d_g2_9,0.540762,0
1579,688007,d_g2_10,0.978492,0
1580,688007,d_g3_1,0.84453,0
1581,688007,d_g3_2,0.880986,0
1582,688007,d_g3_3,0.934155,0
1583,688007,d_g3_4,0.991511,0
1584,688007,d_g3_5,0.420863,0
1585,688007,d_g3_6,0.638861,0
1586,688007,d_g3_7,0.997844,0
1587,688007,d_g3_8,0.481001,0
1588,688007,d_g3_9,0.957489,0
1589,688007,d_g3_10,0.989231,0
1590,1298347,d_g1_1,,-1
1591,1298347,d_g1_2,,-1
1592,1298347,d_g1_3,,-1
1593,1298347,d_g1_4,,-1
1594,1298347,d_g1_5,,-1
1595,1298347,d_g1_6,,-1
1596,1298347,d_g1_7,,-1
1597,1298347,d_g1_8,,-1
1598,1298347,d_g1_9,,-1
1599,1298347,d_g1_10,,-1
1600,1298347,d_g2_1,,-1
1601,1298347,d_g2_2,,-1
1602,1298347,d_g2_3,,-1
1603,1298347,d_g2_4,,-1
1604,1298347,d_g2_5,,-1
1605,1298347,d_g2_6,,-1
1606,1298347,d_g2_7,,-1
1607,1298347,d_g2_8,,-1
1608,1298347,d_g2_9,,-1
1609,1298347,d_g2_10,,-1
1610,1298347,d_g3_1,,-1
1611,1298347,d_g3_2,,-1
1612,1298347,d_g3_3,,-1
1613,1298347,d_g3_4,,-1
1614,1298347,d_g3_5,,-1
1615,1298347,d_g3_6,,-1
1616,1298347,d_g3_7,,-1
1617,1298347,d_g3_8,,-1
1618,1298347,d_g3_9,,-1
1619,1298347,d_g3_10,,-1
1620,687794,d_g1_1,0.936168,1
1621,687794,d_g1_2,0.882005,1
1622,687794,d_g1_3,0.979025,1
1623,687794,d_g1_4,0.978539,1
1624,687794,d_g1_5,0.964252,1
1625,687794,d_g1_6,0.942952,1
1626,687794,d_g1_7,0.998384,1
1627,687794,d_g1_8,0.926148,1
1628,687794,d_g1_9,0.956867,1
1629,687794,d_g1_10,0.995321,1
1630,687794,d_g2_1,0.997429,1
1631,687794,d_g2_2,0.999437,1
1632,687794,d_g2_3,0.995082,1
1633,687794,d_g2_4,0.999515,1
1634,687794,d_g2_5,0.999567,1
1635,687794,d_g2_6,0.999837,1
1636,687794,d_g2_7,0.999406,1
1637,687794,d_g2_8,0.999689,1
1638,687794,d_g2_9,0.999801,1
1639,687794,d_g2_10,0.999413,1
1640,687794,d_g3_1,0.997087,1
1641,687794,d_g3_2,0.996312,1
1642,687794,d_g3_3,0.997652,1
1643,687794,d_g3_4,0.993879,1
1644,687794,d_g3_5,0.984277,1
1645,687794,d_g3_6,0.995119,1
1646,687794,d_g3_7,0.996836,1
1647,687794,d_g3_8,0.990888,1
1648,687794,d_g3_9,0.998194,1
1649,687794,d_g3_10,0.999172,1
1650,909721,d_g1_1,0.952541,1
1651,909721,d_g1_2,0.952087,1
1652,909721,d_g1_3,0.992383,1
1653,909721,d_g1_4,0.989705,1
1654,909721,d_g1_5,0.986892,1
1655,909721,d_g1_6,0.959281,1
1656,909721,d_g1_7,0.99883,1
1657,909721,d_g1_8,0.982145,1
1658,909721,d_g1_9,0.960122,1
1659,909721,d_g1_10,0.997766,1
1660,909721,d_g2_1,0.999765,1
1661,909721,d_g2_2,0.999924,1
1662,909721,d_g2_3,0.996217,1
1663,909721,d_g2_4,0.999962,1
1664,909721,d_g2_5,0.999969,1
1665,909721,d_g2_6,0.999923,1
1666,909721,d_g2_7,0.999958,1
1667,909721,d_g2_8,0.999976,1
1668,909721,d_g2_9,0.999986,1
1669,909721,d_g2_10,0.999921,1
1670,909721,d_g3_1,0.999027,1
1671,909721,d_g3_2,0.998676,1
1672,909721,d_g3_3,0.999158,1
1673,909721,d_g3_4,0.997798,1
1674,909721,d_g3_5,0.994309,1
1675,909721,d_g3_6,0.998246,1
1676,909721,d_g3_7,0.998864,1
1677,909721,d_g3_8,0.996716,1
1678,909721,d_g3_9,0.999352,1
1679,909721,d_g3_10,0.999703,1
1680,1297439,d_g1_1,0.980575,0
1681,1297439,d_g1_2,0.746108,0
1682,1297439,d_g1_3,0.479309,0
1683,1297439,d_g1_4,0.029485,0
1684,1297439,d_g1_5,0.420633,0
1685,1297439,d_g1_6,0.266617,0
1686,1297439,d_g1_7,0.881744,0
1687,1297439,d_g1_8,0.528222,0
1688,1297439,d_g1_9,0.467454,0
1689,1297439,d_g1_10,0.300203,0
1690,1297439,d_g2_1,0.843096,0
1691,1297439,d_g2_2,0.99231,0
1692,1297439,d_g2_3,0.600412,0
1693,1297439,d_g2_4,0.439051,0
1694,1297439,d_g2_5,0.36597,0
1695,1297439,d_g2_6,0.786888,0
1696,1297439,d_g2_7,0.644968,0
1697,1297439,d_g2_8,0.991466,0
1698,1297439,d_g2_9,0.939713,0
1699,1297439,d_g2_10,0.998661,0
1700,1297439,d_g3_1,0.979579,0
1701,1297439,d_g3_2,0.992887,0
1702,1297439,d_g3_3,0.973885,0
1703,1297439,d_g3_4,0.999406,0
1704,1297439,d_g3_5,0.917607,0
1705,1297439,d_g3_6,0.921088,0
1706,1297439,d_g3_7,0.999555,0
1707,1297439,d_g3_8,0.906403,0
1708,1297439,d_g3_9,0.993461,0
1709,1297439,d_g3_10,0.999307,0
1710,753551,d_g1_1,0.987091,0
1711,753551,d_g1_2,0.377795,0
1712,753551,d_g1_3,0.172903,0
1713,753551,d_g1_4,0.007564,0
1714,753551,d_g1_5,0.127036,0
1715,753551,d_g1_6,0.078575,0
1716,753551,d_g1_7,0.809045,0
1717,753551,d_g1_8,0.191688,0
1718,753551,d_g1_9,0.164226,0
1719,753551,d_g1_10,0.35979,0
1720,753551,d_g2_1,0.765905,0
1721,753551,d_g2_2,0.993221,0
1722,753551,d_g2_3,0.55666,0
1723,753551,d_g2_4,0.599546,0
1724,753551,d_g2_5,0.257552,0
1725,753551,d_g2_6,0.763332,0
1726,753551,d_g2_7,0.745937,0
1727,753551,d_g2_8,0.985635,0
1728,753551,d_g2_9,0.93158,0
1729,753551,d_g2_10,0.997559,0
1730,753551,d_g3_1,0.981051,0
1731,753551,d_g3_2,0.991865,0
1732,753551,d_g3_3,0.975501,0
1733,753551,d_g3_4,0.998926,0
1734,753551,d_g3_5,0.907698,0
1735,753551,d_g3_6,0.920731,0
1736,753551,d_g3_7,0.999633,0
1737,753551,d_g3_8,0.91268,0
1738,753551,d_g3_9,0.992521,0
1739,753551,d_g3_10,0.999216,0
1740,908480,d_g1_1,0.153381,0
1741,908480,d_g1_2,0.099241,0
1742,908480,d_g1_3,0.024213,0
1743,908480,d_g1_4,0.001023,0
1744,908480,d_g1_5,0.013851,0
1745,908480,d_g1_6,0.01773,0
1746,908480,d_g1_7,0.447255,0
1747,908480,d_g1_8,0.021207,0
1748,908480,d_g1_9,0.029172,0
1749,908480,d_g1_10,0.026962,0
1750,908480,d_g2_1,0.212504,0
1751,908480,d_g2_2,0.233175,0
1752,908480,d_g2_3,0.269702,0
1753,908480,d_g2_4,0.156674,0
1754,908480,d_g2_5,0.068536,0
1755,908480,d_g2_6,0.413183,0
1756,908480,d_g2_7,0.119101,0
1757,908480,d_g2_8,0.211285,0
1758,908480,d_g2_9,0.259334,0
1759,908480,d_g2_10,0.413994,0
1760,908480,d_g3_1,0.883498,0
1761,908480,d_g3_2,0.769703,0
1762,908480,d_g3_3,0.903793,0
1763,908480,d_g3_4,0.781702,0
1764,908480,d_g3_5,0.515761,0
1765,908480,d_g3_6,0.629815,0
1766,908480,d_g3_7,0.834273,0
1767,908480,d_g3_8,0.575972,0
1768,908480,d_g3_9,0.869898,0
1769,908480,d_g3_10,0.875135,0
1770,1298350,d_g1_1,,-1
1771,1298350,d_g1_2,,-1
1772,1298350,d_g1_3,,-1
1773,1298350,d_g1_4,,-1
1774,1298350,d_g1_5,,-1
1775,1298350,d_g1_6,,-1
1776,1298350,d_g1_7,,-1
1777,1298350,d_g1_8,,-1
1778,1298350,d_g1_9,,-1
1779,1298350,d_g1_10,,-1
1780,1298350,d_g2_1,,-1
1781,1298350,d_g2_2,,-1
1782,1298350,d_g2_3,,-1
1783,1298350,d_g2_4,,-1
1784,1298350,d_g2_5,,-1
1785,1298350,d_g2_6,,-1
1786,1298350,d_g2_7,,-1
1787,1298350,d_g2_8,,-1
1788,1298350,d_g2_9,,-1
1789,1298350,d_g2_10,,-1
1790,1298350,d_g3_1,,-1
1791,1298350,d_g3_2,,-1
1792,1298350,d_g3_3,,-1
1793,1298350,d_g3_4,,-1
1794,1298350,d_g3_5,,-1
1795,1298350,d_g3_6,,-1
1796,1298350,d_g3_7,,-1
1797,1298350,d_g3_8,,-1
1798,1298350,d_g3_9,,-1
1799,1298350,d_g3_10,,-1
1800,687777,d_g1_1,,-1
1801,687777,d_g1_2,,-1
1802,687777,d_g1_3,,-1
1803,687777,d_g1_4,,-1
1804,687777,d_g1_5,,-1
1805,687777,d_g1_6,,-1
1806,687777,d_g1_7,,-1
1807,687777,d_g1_8,,-1
1808,687777,d_g1_9,,-1
1809,687777,d_g1_10,,-1
1810,687777,d_g2_1,,-1
1811,687777,d_g2_2,,-1
1812,687777,d_g2_3,,-1
1813,687777,d_g2_4,,-1
1814,687777,d_g2_5,,-1
1815,687777,d_g2_6,,-1
1816,687777,d_g2_7,,-1
1817,687777,d_g2_8,,-1
1818,687777,d_g2_9,,-1
1819,687777,d_g2_10,,-1
1820,687777,d_g3_1,,-1
1821,687777,d_g3_2,,-1
1822,687777,d_g3_3,,-1
1823,687777,d_g3_4,,-1
1824,687777,d_g3_5,,-1
1825,687777,d_g3_6,,-1
1826,687777,d_g3_7,,-1
1827,687777,d_g3_8,,-1
1828,687777,d_g3_9,,-1
1829,687777,d_g3_10,,-1
1830,688015,d_g1_1,0.88412,0
1831,688015,d_g1_2,0.688592,0
1832,688015,d_g1_3,0.491169,0
1833,688015,d_g1_4,0.027962,0
1834,688015,d_g1_5,0.431412,0
1835,688015,d_g1_6,0.227812,0
1836,688015,d_g1_7,0.892374,0
1837,688015,d_g1_8,0.540037,0
1838,688015,d_g1_9,0.422581,0
1839,688015,d_g1_10,0.366451,0
1840,688015,d_g2_1,0.719691,0
1841,688015,d_g2_2,0.818046,0
1842,688015,d_g2_3,0.626205,0
1843,688015,d_g2_4,0.320761,0
1844,688015,d_g2_5,0.300423,0
1845,688015,d_g2_6,0.737756,0
1846,688015,d_g2_7,0.24918,0
1847,688015,d_g2_8,0.881997,0
1848,688015,d_g2_9,0.763633,0
1849,688015,d_g2_10,0.975527,0
1850,688015,d_g3_1,0.9857,0
1851,688015,d_g3_2,0.975572,0
1852,688015,d_g3_3,0.976454,0
1853,688015,d_g3_4,0.994469,0
1854,688015,d_g3_5,0.908813,0
1855,688015,d_g3_6,0.939262,0
1856,688015,d_g3_7,0.996492,0
1857,688015,d_g3_8,0.932956,0
1858,688015,d_g3_9,0.977512,0
1859,688015,d_g3_10,0.998129,0
1860,1247873,d_g1_1,,-1
1861,1247873,d_g1_2,,-1
1862,1247873,d_g1_3,,-1
1863,1247873,d_g1_4,,-1
1864,1247873,d_g1_5,,-1
1865,1247873,d_g1_6,,-1
1866,1247873,d_g1_7,,-1
1867,1247873,d_g1_8,,-1
1868,1247873,d_g1_9,,-1
1869,1247873,d_g1_10,,-1
1870,1247873,d_g2_1,,-1
1871,1247873,d_g2_2,,-1
1872,1247873,d_g2_3,,-1
1873,1247873,d_g2_4,,-1
1874,1247873,d_g2_5,,-1
1875,1247873,d_g2_6,,-1
1876,1247873,d_g2_7,,-1
1877,1247873,d_g2_8,,-1
1878,1247873,d_g2_9,,-1
1879,1247873,d_g2_10,,-1
1880,1247873,d_g3_1,,-1
1881,1247873,d_g3_2,,-1
1882,1247873,d_g3_3,,-1
1883,1247873,d_g3_4,,-1
1884,1247873,d_g3_5,,-1
1885,1247873,d_g3_6,,-1
1886,1247873,d_g3_7,,-1
1887,1247873,d_g3_8,,-1
1888,1247873,d_g3_9,,-1
1889,1247873,d_g3_10,,-1
1890,687815,d_g1_1,,-1
1891,687815,d_g1_2,,-1
1892,687815,d_g1_3,,-1
1893,687815,d_g1_4,,-1
1894,687815,d_g1_5,,-1
1895,687815,d_g1_6,,-1
1896,687815,d_g1_7,,-1
1897,687815,d_g1_8,,-1
1898,687815,d_g1_9,,-1
1899,687815,d_g1_10,,-1
1900,687815,d_g2_1,,-1
1901,687815,d_g2_2,,-1
1902,687815,d_g2_3,,-1
1903,687815,d_g2_4,,-1
1904,687815,d_g2_5,,-1
1905,687815,d_g2_6,,-1
1906,687815,d_g2_7,,-1
1907,687815,d_g2_8,,-1
1908,687815,d_g2_9,,-1
1909,687815,d_g2_10,,-1
1910,687815,d_g3_1,,-1
1911,687815,d_g3_2,,-1
1912,687815,d_g3_3,,-1
1913,687815,d_g3_4,,-1
1914,687815,d_g3_5,,-1
1915,687815,d_g3_6,,-1
1916,687815,d_g3_7,,-1
1917,687815,d_g3_8,,-1
1918,687815,d_g3_9,,-1
1919,687815,d_g3_10,,-1
1920,1240185,d_g1_1,0.917098,1
1921,1240185,d_g1_2,0.749314,1
1922,1240185,d_g1_3,0.935916,1
1923,1240185,d_g1_4,0.934497,1
1924,1240185,d_g1_5,0.894066,1
1925,1240185,d_g1_6,0.839215,1
1926,1240185,d_g1_7,0.994853,1
1927,1240185,d_g1_8,0.89346,1
1928,1240185,d_g1_9,0.914906,1
1929,1240185,d_g1_10,0.985199,1
1930,1240185,d_g2_1,0.991828,1
1931,1240185,d_g2_2,0.995764,1
1932,1240185,d_g2_3,0.98759,1
1933,1240185,d_g2_4,0.996234,1
1934,1240185,d_g2_5,0.998295,1
1935,1240185,d_g2_6,0.999358,1
1936,1240185,d_g2_7,0.995093,1
1937,1240185,d_g2_8,0.997862,1
1938,1240185,d_g2_9,0.998518,1
1939,1240185,d_g2_10,0.996872,1
1940,1240185,d_g3_1,0.99075,1
1941,1240185,d_g3_2,0.988308,1
1942,1240185,d_g3_3,0.992534,1
1943,1240185,d_g3_4,0.980697,1
1944,1240185,d_g3_5,0.951426,1
1945,1240185,d_g3_6,0.984565,1
1946,1240185,d_g3_7,0.989957,1
1947,1240185,d_g3_8,0.971448,1
1948,1240185,d_g3_9,0.994249,1
1949,1240185,d_g3_10,0.997359,1
1950,910399,d_g1_1,0.973077,1
1951,910399,d_g1_2,0.967105,1
1952,910399,d_g1_3,0.994839,1
1953,910399,d_g1_4,0.994717,1
1954,910399,d_g1_5,0.991102,1
1955,910399,d_g1_6,0.984094,1
1956,910399,d_g1_7,0.999608,1
1957,910399,d_g1_8,0.986341,1
1958,910399,d_g1_9,0.9881,1
1959,910399,d_g1_10,0.998863,1
1960,910399,d_g2_1,0.999596,1
1961,910399,d_g2_2,0.999932,1
1962,910399,d_g2_3,0.997964,1
1963,910399,d_g2_4,0.999944,1
1964,910399,d_g2_5,0.999962,1
1965,910399,d_g2_6,0.999986,1
1966,910399,d_g2_7,0.999927,1
1967,910399,d_g2_8,0.999959,1
1968,910399,d_g2_9,0.999976,1
1969,910399,d_g2_10,0.999935,1
1970,910399,d_g3_1,0.999293,1
1971,910399,d_g3_2,0.999104,1
1972,910399,d_g3_3,0.99943,1
1973,910399,d_g3_4,0.998511,1
1974,910399,d_g3_5,0.996147,1
1975,910399,d_g3_6,0.998814,1
1976,910399,d_g3_7,0.999232,1
1977,910399,d_g3_8,0.997778,1
1978,910399,d_g3_9,0.999562,1
1979,910399,d_g3_10,0.999799,1
1980,713899,d_g1_1,0.8069,0
1981,713899,d_g1_2,0.153163,0
1982,713899,d_g1_3,0.035876,0
1983,713899,d_g1_4,0.002441,0
1984,713899,d_g1_5,0.027157,0
1985,713899,d_g1_6,0.037678,0
1986,713899,d_g1_7,0.661831,0
1987,713899,d_g1_8,0.042694,0
1988,713899,d_g1_9,0.07828,0
1989,713899,d_g1_10,0.097096,0
1990,713899,d_g2_1,0.45086,0
1991,713899,d_g2_2,0.87839,0
1992,713899,d_g2_3,0.409332,0
1993,713899,d_g2_4,0.39542,0
1994,713899,d_g2_5,0.248825,0
1995,713899,d_g2_6,0.518647,0
1996,713899,d_g2_7,0.418172,0
1997,713899,d_g2_8,0.824731,0
1998,713899,d_g2_9,0.561242,0
1999,713899,d_g2_10,0.949382,0
2000,713899,d_g3_1,0.883874,0
2001,713899,d_g3_2,0.873529,0
2002,713899,d_g3_3,0.933757,0
2003,713899,d_g3_4,0.985087,0
2004,713899,d_g3_5,0.523928,0
2005,713899,d_g3_6,0.630667,0
2006,713899,d_g3_7,0.996012,0
2007,713899,d_g3_8,0.605769,0
2008,713899,d_g3_9,0.923984,0
2009,713899,d_g3_10,0.979779,0
2010,1298226,d_g1_1,,-1
2011,1298226,d_g1_2,,-1
2012,1298226,d_g1_3,,-1
2013,1298226,d_g1_4,,-1
2014,1298226,d_g1_5,,-1
2015,1298226,d_g1_6,,-1
2016,1298226,d_g1_7,,-1
2017,1298226,d_g1_8,,-1
2018,1298226,d_g1_9,,-1
2019,1298226,d_g1_10,,-1
2020,1298226,d_g2_1,,-1
2021,1298226,d_g2_2,,-1
2022,1298226,d_g2_3,,-1
2023,1298226,d_g2_4,,-1
2024,1298226,d_g2_5,,-1
2025,1298226,d_g2_6,,-1
2026,1298226,d_g2_7,,-1
2027,1298226,d_g2_8,,-1
2028,1298226,d_g2_9,,-1
2029,1298226,d_g2_10,,-1
2030,1298226,d_g3_1,,-1
2031,1298226,d_g3_2,,-1
2032,1298226,d_g3_3,,-1
2033,1298226,d_g3_4,,-1
2034,1298226,d_g3_5,,-1
2035,1298226,d_g3_6,,-1
2036,1298226,d_g3_7,,-1
2037,1298226,d_g3_8,,-1
2038,1298226,d_g3_9,,-1
2039,1298226,d_g3_10,,-1
2040,687997,d_g1_1,0.989936,0
2041,687997,d_g1_2,0.581616,0
2042,687997,d_g1_3,0.292255,0
2043,687997,d_g1_4,0.015111,0
2044,687997,d_g1_5,0.22514,0
2045,687997,d_g1_6,0.147582,0
2046,687997,d_g1_7,0.876648,0
2047,687997,d_g1_8,0.321341,0
2048,687997,d_g1_9,0.291998,0
2049,687997,d_g1_10,0.386915,0
2050,687997,d_g2_1,0.823775,0
2051,687997,d_g2_2,0.988299,0
2052,687997,d_g2_3,0.607435,0
2053,687997,d_g2_4,0.465858,0
2054,687997,d_g2_5,0.415051,0
2055,687997,d_g2_6,0.762594,0
2056,687997,d_g2_7,0.743091,0
2057,687997,d_g2_8,0.984249,0
2058,687997,d_g2_9,0.931319,0
2059,687997,d_g2_10,0.997325,0
2060,687997,d_g3_1,0.978013,0
2061,687997,d_g3_2,0.991832,0
2062,687997,d_g3_3,0.972637,0
2063,687997,d_g3_4,0.99879,0
2064,687997,d_g3_5,0.904083,0
2065,687997,d_g3_6,0.908918,0
2066,687997,d_g3_7,0.999632,0
2067,687997,d_g3_8,0.899798,0
2068,687997,d_g3_9,0.992491,0
2069,687997,d_g3_10,0.999182,0
2070,753599,d_g1_1,0.00294,0
2071,753599,d_g1_2,0.01132,0
2072,753599,d_g1_3,0.00178,0
2073,753599,d_g1_4,2.8e-05,0
2074,753599,d_g1_5,0.002525,0
2075,753599,d_g1_6,0.003291,0
2076,753599,d_g1_7,0.123871,0
2077,753599,d_g1_8,0.003488,0
2078,753599,d_g1_9,0.00475,0
2079,753599,d_g1_10,0.005959,0
2080,753599,d_g2_1,0.006449,0
2081,753599,d_g2_2,0.025072,0
2082,753599,d_g2_3,0.008586,0
2083,753599,d_g2_4,0.017619,0
2084,753599,d_g2_5,0.001763,0
2085,753599,d_g2_6,0.022464,0
2086,753599,d_g2_7,0.005997,0
2087,753599,d_g2_8,0.015432,0
2088,753599,d_g2_9,0.010654,0
2089,753599,d_g2_10,0.038529,0
2090,753599,d_g3_1,0.620406,0
2091,753599,d_g3_2,0.460429,0
2092,753599,d_g3_3,0.724618,0
2093,753599,d_g3_4,0.048964,0
2094,753599,d_g3_5,0.179419,0
2095,753599,d_g3_6,0.347367,0
2096,753599,d_g3_7,0.029319,0
2097,753599,d_g3_8,0.218045,0
2098,753599,d_g3_9,0.821433,0
2099,753599,d_g3_10,0.813913,0
2100,753547,d_g1_1,0.459897,0
2101,753547,d_g1_2,0.304076,0
2102,753547,d_g1_3,0.078522,0
2103,753547,d_g1_4,0.006435,0
2104,753547,d_g1_5,0.060223,0
2105,753547,d_g1_6,0.086327,0
2106,753547,d_g1_7,0.715155,0
2107,753547,d_g1_8,0.089936,0
2108,753547,d_g1_9,0.156058,0
2109,753547,d_g1_10,0.061922,0
2110,753547,d_g2_1,0.425153,0
2111,753547,d_g2_2,0.663239,0
2112,753547,d_g2_3,0.393745,0
2113,753547,d_g2_4,0.193341,0
2114,753547,d_g2_5,0.343432,0
2115,753547,d_g2_6,0.47529,0
2116,753547,d_g2_7,0.340964,0
2117,753547,d_g2_8,0.677349,0
2118,753547,d_g2_9,0.480424,0
2119,753547,d_g2_10,0.895061,0
2120,753547,d_g3_1,0.854044,0
2121,753547,d_g3_2,0.72907,0
2122,753547,d_g3_3,0.926733,0
2123,753547,d_g3_4,0.965687,0
2124,753547,d_g3_5,0.458303,0
2125,753547,d_g3_6,0.567613,0
2126,753547,d_g3_7,0.989076,0
2127,753547,d_g3_8,0.541554,0
2128,753547,d_g3_9,0.891782,0
2129,753547,d_g3_10,0.949692,0
2130,722066,d_g1_1,0.943918,1
2131,722066,d_g1_2,0.933489,1
2132,722066,d_g1_3,0.98925,1
2133,722066,d_g1_4,0.988998,1
2134,722066,d_g1_5,0.981542,1
2135,722066,d_g1_6,0.966456,1
2136,722066,d_g1_7,0.99918,1
2137,722066,d_g1_8,0.979975,1
2138,722066,d_g1_9,0.974791,1
2139,722066,d_g1_10,0.997621,1
2140,722066,d_g2_1,0.99942,1
2141,722066,d_g2_2,0.999902,1
2142,722066,d_g2_3,0.995438,1
2143,722066,d_g2_4,0.99992,1
2144,722066,d_g2_5,0.999947,1
2145,722066,d_g2_6,0.99998,1
2146,722066,d_g2_7,0.999896,1
2147,722066,d_g2_8,0.999946,1
2148,722066,d_g2_9,0.999965,1
2149,722066,d_g2_10,0.999904,1
2150,722066,d_g3_1,0.99852,1
2151,722066,d_g3_2,0.998126,1
2152,722066,d_g3_3,0.998808,1
2153,722066,d_g3_4,0.996886,1
2154,722066,d_g3_5,0.991962,1
2155,722066,d_g3_6,0.997518,1
2156,722066,d_g3_7,0.998392,1
2157,722066,d_g3_8,0.995357,1
2158,722066,d_g3_9,0.999083,1
2159,722066,d_g3_10,0.99958,1
2160,713869,d_g1_1,0.99738,1
2161,713869,d_g1_2,0.998596,1
2162,713869,d_g1_3,0.999711,1
2163,713869,d_g1_4,0.999495,1
2164,713869,d_g1_5,0.999504,1
2165,713869,d_g1_6,0.996751,1
2166,713869,d_g1_7,0.99991,1
2167,713869,d_g1_8,0.999441,1
2168,713869,d_g1_9,0.997847,1
2169,713869,d_g1_10,0.999828,1
2170,713869,d_g2_1,0.999996,1
2171,713869,d_g2_2,0.999998,1
2172,713869,d_g2_3,0.999936,1
2173,713869,d_g2_4,0.999999,1
2174,713869,d_g2_5,0.999998,1
2175,713869,d_g2_6,0.999992,1
2176,713869,d_g2_7,1.0,1
2177,713869,d_g2_8,1.0,1
2178,713869,d_g2_9,0.999999,1
2179,713869,d_g2_10,0.999997,1
2180,713869,d_g3_1,0.99999,1
2181,713869,d_g3_2,0.999949,1
2182,713869,d_g3_3,0.999965,1
2183,713869,d_g3_4,0.999938,1
2184,713869,d_g3_5,0.99984,1
2185,713869,d_g3_6,0.999876,1
2186,713869,d_g3_7,0.999821,1
2187,713869,d_g3_8,0.999903,1
2188,713869,d_g3_9,0.999919,1
2189,713869,d_g3_10,0.999962,1
2190,688010,d_g1_1,0.996096,0
2191,688010,d_g1_2,0.764404,0
2192,688010,d_g1_3,0.464466,0
2193,688010,d_g1_4,0.044018,0
2194,688010,d_g1_5,0.42343,0
2195,688010,d_g1_6,0.2064,0
2196,688010,d_g1_7,0.930899,0
2197,688010,d_g1_8,0.544789,0
2198,688010,d_g1_9,0.384805,0
2199,688010,d_g1_10,0.646131,0
2200,688010,d_g2_1,0.929596,0
2201,688010,d_g2_2,0.996879,0
2202,688010,d_g2_3,0.703469,0
2203,688010,d_g2_4,0.707736,0
2204,688010,d_g2_5,0.485613,0
2205,688010,d_g2_6,0.900726,0
2206,688010,d_g2_7,0.886891,0
2207,688010,d_g2_8,0.995848,0
2208,688010,d_g2_9,0.974556,0
2209,688010,d_g2_10,0.9993,0
2210,688010,d_g3_1,0.992334,0
2211,688010,d_g3_2,0.997093,0
2212,688010,d_g3_3,0.982842,0
2213,688010,d_g3_4,0.999691,0
2214,688010,d_g3_5,0.979624,0
2215,688010,d_g3_6,0.98054,0
2216,688010,d_g3_7,0.99987,0
2217,688010,d_g3_8,0.963144,0
2218,688010,d_g3_9,0.997329,0
2219,688010,d_g3_10,0.999783,0
2220,687800,d_g1_1,0.970286,1
2221,687800,d_g1_2,0.94396,1
2222,687800,d_g1_3,0.991026,1
2223,687800,d_g1_4,0.990816,1
2224,687800,d_g1_5,0.984573,1
2225,687800,d_g1_6,0.97529,1
2226,687800,d_g1_7,0.999316,1
2227,687800,d_g1_8,0.977072,1
2228,687800,d_g1_9,0.98414,1
2229,687800,d_g1_10,0.998017,1
2230,687800,d_g2_1,0.998912,1
2231,687800,d_g2_2,0.999774,1
2232,687800,d_g2_3,0.997377,1
2233,687800,d_g2_4,0.9998,1
2234,687800,d_g2_5,0.999866,1
2235,687800,d_g2_6,0.999949,1
2236,687800,d_g2_7,0.999739,1
2237,687800,d_g2_8,0.99984,1
2238,687800,d_g2_9,0.999913,1
2239,687800,d_g2_10,0.999825,1
2240,687800,d_g3_1,0.998767,1
2241,687800,d_g3_2,0.998438,1
2242,687800,d_g3_3,0.999006,1
2243,687800,d_g3_4,0.997404,1
2244,687800,d_g3_5,0.993294,1
2245,687800,d_g3_6,0.997931,1
2246,687800,d_g3_7,0.99866,1
2247,687800,d_g3_8,0.996128,1
2248,687800,d_g3_9,0.999236,1
2249,687800,d_g3_10,0.99965,1
2250,688011,d_g1_1,0.327603,0
2251,688011,d_g1_2,0.110331,0
2252,688011,d_g1_3,0.019915,0
2253,688011,d_g1_4,0.001919,0
2254,688011,d_g1_5,0.008584,0
2255,688011,d_g1_6,0.019254,0
2256,688011,d_g1_7,0.367183,0
2257,688011,d_g1_8,0.01034,0
2258,688011,d_g1_9,0.023281,0
2259,688011,d_g1_10,0.005791,0
2260,688011,d_g2_1,0.30357,0
2261,688011,d_g2_2,0.244275,0
2262,688011,d_g2_3,0.324933,0
2263,688011,d_g2_4,0.080393,0
2264,688011,d_g2_5,0.171697,0
2265,688011,d_g2_6,0.409614,0
2266,688011,d_g2_7,0.353631,0
2267,688011,d_g2_8,0.418172,0
2268,688011,d_g2_9,0.418172,0
2269,688011,d_g2_10,0.434535,0
2270,688011,d_g3_1,0.737783,0
2271,688011,d_g3_2,0.553576,0
2272,688011,d_g3_3,0.810926,0
2273,688011,d_g3_4,0.715974,0
2274,688011,d_g3_5,0.289179,0
2275,688011,d_g3_6,0.386966,0
2276,688011,d_g3_7,0.885567,0
2277,688011,d_g3_8,0.362252,0
2278,688011,d_g3_9,0.753246,0
2279,688011,d_g3_10,0.679961,0
2280,905942,d_g1_1,0.995504,1
2281,905942,d_g1_2,0.995859,1
2282,905942,d_g1_3,0.999366,1
2283,905942,d_g1_4,0.999208,1
2284,905942,d_g1_5,0.998904,1
2285,905942,d_g1_6,0.997368,1
2286,905942,d_g1_7,0.999941,1
2287,905942,d_g1_8,0.998917,1
2288,905942,d_g1_9,0.998038,1
2289,905942,d_g1_10,0.999832,1
2290,905942,d_g2_1,0.999979,1
2291,905942,d_g2_2,0.999995,1
2292,905942,d_g2_3,0.999806,1
2293,905942,d_g2_4,0.999997,1
2294,905942,d_g2_5,0.999997,1
2295,905942,d_g2_6,0.999997,1
2296,905942,d_g2_7,0.999996,1
2297,905942,d_g2_8,0.999997,1
2298,905942,d_g2_9,0.999999,1
2299,905942,d_g2_10,0.999995,1
2300,905942,d_g3_1,0.999914,1
2301,905942,d_g3_2,0.99989,1
2302,905942,d_g3_3,0.99993,1
2303,905942,d_g3_4,0.999818,1
2304,905942,d_g3_5,0.999527,1
2305,905942,d_g3_6,0.999855,1
2306,905942,d_g3_7,0.999906,1
2307,905942,d_g3_8,0.999728,1
2308,905942,d_g3_9,0.999946,1
2309,905942,d_g3_10,0.999975,1
2310,910899,d_g1_1,0.973151,0
2311,910899,d_g1_2,0.684516,0
2312,910899,d_g1_3,0.280637,0
2313,910899,d_g1_4,0.013379,0
2314,910899,d_g1_5,0.235291,0
2315,910899,d_g1_6,0.181968,0
2316,910899,d_g1_7,0.880133,0
2317,910899,d_g1_8,0.321805,0
2318,910899,d_g1_9,0.354393,0
2319,910899,d_g1_10,0.204445,0
2320,910899,d_g2_1,0.831637,0
2321,910899,d_g2_2,0.989193,0
2322,910899,d_g2_3,0.603941,0
2323,910899,d_g2_4,0.399048,0
2324,910899,d_g2_5,0.351316,0
2325,910899,d_g2_6,0.777248,0
2326,910899,d_g2_7,0.613037,0
2327,910899,d_g2_8,0.98926,0
2328,910899,d_g2_9,0.936427,0
2329,910899,d_g2_10,0.998274,0
2330,910899,d_g3_1,0.970342,0
2331,910899,d_g3_2,0.992476,0
2332,910899,d_g3_3,0.973492,0
2333,910899,d_g3_4,0.999217,0
2334,910899,d_g3_5,0.879364,0
2335,910899,d_g3_6,0.884257,0
2336,910899,d_g3_7,0.999494,0
2337,910899,d_g3_8,0.86851,0
2338,910899,d_g3_9,0.993083,0
2339,910899,d_g3_10,0.998942,0
2340,1240192,d_g1_1,0.171623,0
2341,1240192,d_g1_2,0.268541,0
2342,1240192,d_g1_3,0.060818,0
2343,1240192,d_g1_4,0.00143,0
2344,1240192,d_g1_5,0.048591,0
2345,1240192,d_g1_6,0.062296,0
2346,1240192,d_g1_7,0.778706,0
2347,1240192,d_g1_8,0.073012,0
2348,1240192,d_g1_9,0.123524,0
2349,1240192,d_g1_10,0.153771,0
2350,1240192,d_g2_1,0.350906,0
2351,1240192,d_g2_2,0.360541,0
2352,1240192,d_g2_3,0.305,0
2353,1240192,d_g2_4,0.446143,0
2354,1240192,d_g2_5,0.134997,0
2355,1240192,d_g2_6,0.533491,0
2356,1240192,d_g2_7,0.100471,0
2357,1240192,d_g2_8,0.274065,0
2358,1240192,d_g2_9,0.314112,0
2359,1240192,d_g2_10,0.649648,0
2360,1240192,d_g3_1,0.891317,0
2361,1240192,d_g3_2,0.783287,0
2362,1240192,d_g3_3,0.947049,0
2363,1240192,d_g3_4,0.89449,0
2364,1240192,d_g3_5,0.542501,0
2365,1240192,d_g3_6,0.647875,0
2366,1240192,d_g3_7,0.9288,0
2367,1240192,d_g3_8,0.623443,0
2368,1240192,d_g3_9,0.920317,0
2369,1240192,d_g3_10,0.93305,0
2370,724872,d_g1_1,0.999219,0
2371,724872,d_g1_2,0.9835,0
2372,724872,d_g1_3,0.788146,0
2373,724872,d_g1_4,0.388049,0
2374,724872,d_g1_5,0.760905,0
2375,724872,d_g1_6,0.527323,0
2376,724872,d_g1_7,0.9917,0
2377,724872,d_g1_8,0.831069,0
2378,724872,d_g1_9,0.868228,0
2379,724872,d_g1_10,0.610854,0
2380,724872,d_g2_1,0.991533,0
2381,724872,d_g2_2,0.999574,0
2382,724872,d_g2_3,0.821492,0
2383,724872,d_g2_4,0.904254,0
2384,724872,d_g2_5,0.70189,0
2385,724872,d_g2_6,0.987726,0
2386,724872,d_g2_7,0.964013,0
2387,724872,d_g2_8,0.999757,0
2388,724872,d_g2_9,0.997065,0
2389,724872,d_g2_10,0.999976,0
2390,724872,d_g3_1,0.996621,0
2391,724872,d_g3_2,0.999671,0
2392,724872,d_g3_3,0.996685,0
2393,724872,d_g3_4,0.999989,0
2394,724872,d_g3_5,0.997131,0
2395,724872,d_g3_6,0.997262,0
2396,724872,d_g3_7,0.999993,0
2397,724872,d_g3_8,0.990333,0
2398,724872,d_g3_9,0.999698,0
2399,724872,d_g3_10,0.999976,0
2400,687985,d_g1_1,0.798192,0
2401,687985,d_g1_2,0.582942,0
2402,687985,d_g1_3,0.230489,0
2403,687985,d_g1_4,0.011878,0
2404,687985,d_g1_5,0.191094,0
2405,687985,d_g1_6,0.143491,0
2406,687985,d_g1_7,0.83406,0
2407,687985,d_g1_8,0.267032,0
2408,687985,d_g1_9,0.287935,0
2409,687985,d_g1_10,0.16562,0
2410,687985,d_g2_1,0.606897,0
2411,687985,d_g2_2,0.779879,0
2412,687985,d_g2_3,0.521298,0
2413,687985,d_g2_4,0.244082,0
2414,687985,d_g2_5,0.354144,0
2415,687985,d_g2_6,0.630368,0
2416,687985,d_g2_7,0.257156,0
2417,687985,d_g2_8,0.83928,0
2418,687985,d_g2_9,0.679239,0
2419,687985,d_g2_10,0.965337,0
2420,687985,d_g3_1,0.959127,0
2421,687985,d_g3_2,0.94991,0
2422,687985,d_g3_3,0.961744,0
2423,687985,d_g3_4,0.989712,0
2424,687985,d_g3_5,0.772365,0
2425,687985,d_g3_6,0.840373,0
2426,687985,d_g3_7,0.994986,0
2427,687985,d_g3_8,0.825705,0
2428,687985,d_g3_9,0.95379,0
2429,687985,d_g3_10,0.993018,0
2430,1503370,d_g1_1,0.988521,1
2431,1503370,d_g1_2,0.985417,1
2432,1503370,d_g1_3,0.997748,1
2433,1503370,d_g1_4,0.997695,1
2434,1503370,d_g1_5,0.996109,1
2435,1503370,d_g1_6,0.993262,1
2436,1503370,d_g1_7,0.999829,1
2437,1503370,d_g1_8,0.993614,1
2438,1503370,d_g1_9,0.994971,1
2439,1503370,d_g1_10,0.999505,1
2440,1503370,d_g2_1,0.999807,1
2441,1503370,d_g2_2,0.999966,1
2442,1503370,d_g2_3,0.999208,1
2443,1503370,d_g2_4,0.999973,1
2444,1503370,d_g2_5,0.999981,1
2445,1503370,d_g2_6,0.999993,1
2446,1503370,d_g2_7,0.999965,1
2447,1503370,d_g2_8,0.999978,1
2448,1503370,d_g2_9,0.999988,1
2449,1503370,d_g2_10,0.99997,1
2450,1503370,d_g3_1,0.999692,1
2451,1503370,d_g3_2,0.99961,1
2452,1503370,d_g3_3,0.999752,1
2453,1503370,d_g3_4,0.999352,1
2454,1503370,d_g3_5,0.99832,1
2455,1503370,d_g3_6,0.999483,1
2456,1503370,d_g3_7,0.999666,1
2457,1503370,d_g3_8,0.999032,1
2458,1503370,d_g3_9,0.999809,1
2459,1503370,d_g3_10,0.999913,1
2460,753592,d_g1_1,0.660708,1
2461,753592,d_g1_2,0.375636,1
2462,753592,d_g1_3,0.503625,1
2463,753592,d_g1_4,0.617465,1
2464,753592,d_g1_5,0.406289,1
2465,753592,d_g1_6,0.339197,1
2466,753592,d_g1_7,0.783576,1
2467,753592,d_g1_8,0.240928,1
2468,753592,d_g1_9,0.447101,1
2469,753592,d_g1_10,0.592339,1
2470,753592,d_g2_1,0.725992,1
2471,753592,d_g2_2,0.925494,1
2472,753592,d_g2_3,0.213964,1
2473,753592,d_g2_4,0.938092,1
2474,753592,d_g2_5,0.976985,1
2475,753592,d_g2_6,0.979909,1
2476,753592,d_g2_7,0.920741,1
2477,753592,d_g2_8,0.964687,1
2478,753592,d_g2_9,0.971965,1
2479,753592,d_g2_10,0.951758,1
2480,753592,d_g3_1,0.700428,1
2481,753592,d_g3_2,0.648543,1
2482,753592,d_g3_3,0.743733,1
2483,753592,d_g3_4,0.525855,1
2484,753592,d_g3_5,0.743662,1
2485,753592,d_g3_6,0.582021,1
2486,753592,d_g3_7,0.682714,1
2487,753592,d_g3_8,0.496376,1
2488,753592,d_g3_9,0.790541,1
2489,753592,d_g3_10,0.891829,1
2490,687983,d_g1_1,0.395247,0
2491,687983,d_g1_2,0.356441,0
2492,687983,d_g1_3,0.088457,0
2493,687983,d_g1_4,0.003378,0
2494,687983,d_g1_5,0.071095,0
2495,687983,d_g1_6,0.089289,0
2496,687983,d_g1_7,0.808598,0
2497,687983,d_g1_8,0.105571,0
2498,687983,d_g1_9,0.172187,0
2499,687983,d_g1_10,0.076993,0
2500,687983,d_g2_1,0.525105,0
2501,687983,d_g2_2,0.839647,0
2502,687983,d_g2_3,0.408702,0
2503,687983,d_g2_4,0.258727,0
2504,687983,d_g2_5,0.227086,0
2505,687983,d_g2_6,0.591126,0
2506,687983,d_g2_7,0.190764,0
2507,687983,d_g2_8,0.804578,0
2508,687983,d_g2_9,0.512237,0
2509,687983,d_g2_10,0.970139,0
2510,687983,d_g3_1,0.907799,0
2511,687983,d_g3_2,0.866555,0
2512,687983,d_g3_3,0.955181,0
2513,687983,d_g3_4,0.99081,0
2514,687983,d_g3_5,0.587393,0
2515,687983,d_g3_6,0.688367,0
2516,687983,d_g3_7,0.987871,0
2517,687983,d_g3_8,0.665293,0
2518,687983,d_g3_9,0.932733,0
2519,687983,d_g3_10,0.97852,0
2520,687816,d_g1_1,0.957254,1
2521,687816,d_g1_2,0.913567,1
2522,687816,d_g1_3,0.985775,1
2523,687816,d_g1_4,0.985443,1
2524,687816,d_g1_5,0.975638,1
2525,687816,d_g1_6,0.96119,1
2526,687816,d_g1_7,0.998911,1
2527,687816,d_g1_8,0.967797,1
2528,687816,d_g1_9,0.97538,1
2529,687816,d_g1_10,0.996844,1
2530,687816,d_g2_1,0.998706,1
2531,687816,d_g2_2,0.999799,1
2532,687816,d_g2_3,0.99167,1
2533,687816,d_g2_4,0.999821,1
2534,687816,d_g2_5,0.999913,1
2535,687816,d_g2_6,0.999973,1
2536,687816,d_g2_7,0.999767,1
2537,687816,d_g2_8,0.999889,1
2538,687816,d_g2_9,0.999922,1
2539,687816,d_g2_10,0.999848,1
2540,687816,d_g3_1,0.998036,1
2541,687816,d_g3_2,0.997513,1
2542,687816,d_g3_3,0.998417,1
2543,687816,d_g3_4,0.995869,1
2544,687816,d_g3_5,0.989355,1
2545,687816,d_g3_6,0.996707,1
2546,687816,d_g3_7,0.997866,1
2547,687816,d_g3_8,0.993844,1
2548,687816,d_g3_9,0.998783,1
2549,687816,d_g3_10,0.999442,1
2550,1331055,d_g1_1,0.738411,0
2551,1331055,d_g1_2,0.240876,0
2552,1331055,d_g1_3,0.083627,0
2553,1331055,d_g1_4,0.00484,0
2554,1331055,d_g1_5,0.067143,0
2555,1331055,d_g1_6,0.037546,0
2556,1331055,d_g1_7,0.688151,0
2557,1331055,d_g1_8,0.099909,0
2558,1331055,d_g1_9,0.08436,0
2559,1331055,d_g1_10,0.115834,0
2560,1331055,d_g2_1,0.472294,0
2561,1331055,d_g2_2,0.760901,0
2562,1331055,d_g2_3,0.420515,0
2563,1331055,d_g2_4,0.273367,0
2564,1331055,d_g2_5,0.210254,0
2565,1331055,d_g2_6,0.549232,0
2566,1331055,d_g2_7,0.237192,0
2567,1331055,d_g2_8,0.74202,0
2568,1331055,d_g2_9,0.566952,0
2569,1331055,d_g2_10,0.938798,0
2570,1331055,d_g3_1,0.958315,0
2571,1331055,d_g3_2,0.916392,0
2572,1331055,d_g3_3,0.94726,0
2573,1331055,d_g3_4,0.982951,0
2574,1331055,d_g3_5,0.768736,0
2575,1331055,d_g3_6,0.837601,0
2576,1331055,d_g3_7,0.990934,0
2577,1331055,d_g3_8,0.822731,0
2578,1331055,d_g3_9,0.92745,0
2579,1331055,d_g3_10,0.991207,0
2580,753582,d_g1_1,0.239464,0
2581,753582,d_g1_2,0.074491,0
2582,753582,d_g1_3,0.016408,0
2583,753582,d_g1_4,0.001399,0
2584,753582,d_g1_5,0.009526,0
2585,753582,d_g1_6,0.018212,0
2586,753582,d_g1_7,0.476708,0
2587,753582,d_g1_8,0.015357,0
2588,753582,d_g1_9,0.028843,0
2589,753582,d_g1_10,0.033972,0
2590,753582,d_g2_1,0.393262,0
2591,753582,d_g2_2,0.534001,0
2592,753582,d_g2_3,0.273804,0
2593,753582,d_g2_4,0.321077,0
2594,753582,d_g2_5,0.242856,0
2595,753582,d_g2_6,0.425634,0
2596,753582,d_g2_7,0.307198,0
2597,753582,d_g2_8,0.461817,0
2598,753582,d_g2_9,0.419908,0
2599,753582,d_g2_10,0.700983,0
2600,753582,d_g3_1,0.727689,0
2601,753582,d_g3_2,0.540805,0
2602,753582,d_g3_3,0.896433,0
2603,753582,d_g3_4,0.899536,0
2604,753582,d_g3_5,0.278699,0
2605,753582,d_g3_6,0.374812,0
2606,753582,d_g3_7,0.954879,0
2607,753582,d_g3_8,0.35043,0
2608,753582,d_g3_9,0.790067,0
2609,753582,d_g3_10,0.770254,0
2610,753597,d_g1_1,0.68342,0
2611,753597,d_g1_2,0.097328,0
2612,753597,d_g1_3,0.020764,0
2613,753597,d_g1_4,0.001635,0
2614,753597,d_g1_5,0.015154,0
2615,753597,d_g1_6,0.023035,0
2616,753597,d_g1_7,0.545567,0
2617,753597,d_g1_8,0.024345,0
2618,753597,d_g1_9,0.045362,0
2619,753597,d_g1_10,0.053609,0
2620,753597,d_g2_1,0.350491,0
2621,753597,d_g2_2,0.821275,0
2622,753597,d_g2_3,0.314026,0
2623,753597,d_g2_4,0.37311,0
2624,753597,d_g2_5,0.197466,0
2625,753597,d_g2_6,0.482608,0
2626,753597,d_g2_7,0.418172,0
2627,753597,d_g2_8,0.754709,0
2628,753597,d_g2_9,0.476752,0
2629,753597,d_g2_10,0.924124,0
2630,753597,d_g3_1,0.847979,0
2631,753597,d_g3_2,0.799421,0
2632,753597,d_g3_3,0.919284,0
2633,753597,d_g3_4,0.978274,0
2634,753597,d_g3_5,0.446452,0
2635,753597,d_g3_6,0.555835,0
2636,753597,d_g3_7,0.993824,0
2637,753597,d_g3_8,0.529654,0
2638,753597,d_g3_9,0.887078,0
2639,753597,d_g3_10,0.965469,0
2640,753554,d_g1_1,0.995067,1
2641,753554,d_g1_2,0.995446,1
2642,753554,d_g1_3,0.999303,1
2643,753554,d_g1_4,0.999131,1
2644,753554,d_g1_5,0.998794,1
2645,753554,d_g1_6,0.997112,1
2646,753554,d_g1_7,0.999936,1
2647,753554,d_g1_8,0.998553,1
2648,753554,d_g1_9,0.997847,1
2649,753554,d_g1_10,0.999816,1
2650,753554,d_g2_1,0.999971,1
2651,753554,d_g2_2,0.999993,1
2652,753554,d_g2_3,0.999721,1
2653,753554,d_g2_4,0.999996,1
2654,753554,d_g2_5,0.999997,1
2655,753554,d_g2_6,0.999995,1
2656,753554,d_g2_7,0.999995,1
2657,753554,d_g2_8,0.999996,1
2658,753554,d_g2_9,0.999998,1
2659,753554,d_g2_10,0.999993,1
2660,753554,d_g3_1,0.999905,1
2661,753554,d_g3_2,0.999879,1
2662,753554,d_g3_3,0.999923,1
2663,753554,d_g3_4,0.999799,1
2664,753554,d_g3_5,0.99948,1
2665,753554,d_g3_6,0.999805,1
2666,753554,d_g3_7,0.999884,1
2667,753554,d_g3_8,0.999701,1
2668,753554,d_g3_9,0.999938,1
2669,753554,d_g3_10,0.999973,1
2670,924244,d_g1_1,0.948751,1
2671,924244,d_g1_2,0.928963,1
2672,924244,d_g1_3,0.988471,1
2673,924244,d_g1_4,0.988201,1
2674,924244,d_g1_5,0.980217,1
2675,924244,d_g1_6,0.968396,1
2676,924244,d_g1_7,0.99912,1
2677,924244,d_g1_8,0.96904,1
2678,924244,d_g1_9,0.977028,1
2679,924244,d_g1_10,0.997447,1
2680,924244,d_g2_1,0.998922,1
2681,924244,d_g2_2,0.999826,1
2682,924244,d_g2_3,0.994681,1
2683,924244,d_g2_4,0.999851,1
2684,924244,d_g2_5,0.999916,1
2685,924244,d_g2_6,0.999977,1
2686,924244,d_g2_7,0.999806,1
2687,924244,d_g2_8,0.999905,1
2688,924244,d_g2_9,0.999935,1
2689,924244,d_g2_10,0.999854,1
2690,924244,d_g3_1,0.998412,1
2691,924244,d_g3_2,0.997989,1
2692,924244,d_g3_3,0.99872,1
2693,924244,d_g3_4,0.996658,1
2694,924244,d_g3_5,0.991378,1
2695,924244,d_g3_6,0.997337,1
2696,924244,d_g3_7,0.998275,1
2697,924244,d_g3_8,0.995019,1
2698,924244,d_g3_9,0.999016,1
2699,924244,d_g3_10,0.999549,1
2700,908443,d_g1_1,,-1
2701,908443,d_g1_2,,-1
2702,908443,d_g1_3,,-1
2703,908443,d_g1_4,,-1
2704,908443,d_g1_5,,-1
2705,908443,d_g1_6,,-1
2706,908443,d_g1_7,,-1
2707,908443,d_g1_8,,-1
2708,908443,d_g1_9,,-1
2709,908443,d_g1_10,,-1
2710,908443,d_g2_1,,-1
2711,908443,d_g2_2,,-1
2712,908443,d_g2_3,,-1
2713,908443,d_g2_4,,-1
2714,908443,d_g2_5,,-1
2715,908443,d_g2_6,,-1
2716,908443,d_g2_7,,-1
2717,908443,d_g2_8,,-1
2718,908443,d_g2_9,,-1
2719,908443,d_g2_10,,-1
2720,908443,d_g3_1,,-1
2721,908443,d_g3_2,,-1
2722,908443,d_g3_3,,-1
2723,908443,d_g3_4,,-1
2724,908443,d_g3_5,,-1
2725,908443,d_g3_6,,-1
2726,908443,d_g3_7,,-1
2727,908443,d_g3_8,,-1
2728,908443,d_g3_9,,-1
2729,908443,d_g3_10,,-1
2730,908483,d_g1_1,0.940894,0
2731,908483,d_g1_2,0.471373,0
2732,908483,d_g1_3,0.164222,0
2733,908483,d_g1_4,0.010076,0
2734,908483,d_g1_5,0.129524,0
2735,908483,d_g1_6,0.134041,0
2736,908483,d_g1_7,0.790807,0
2737,908483,d_g1_8,0.192892,0
2738,908483,d_g1_9,0.267704,0
2739,908483,d_g1_10,0.148081,0
2740,908483,d_g2_1,0.556103,0
2741,908483,d_g2_2,0.923325,0
2742,908483,d_g2_3,0.465902,0
2743,908483,d_g2_4,0.251686,0
2744,908483,d_g2_5,0.378254,0
2745,908483,d_g2_6,0.563178,0
2746,908483,d_g2_7,0.451018,0
2747,908483,d_g2_8,0.930809,0
2748,908483,d_g2_9,0.784208,0
2749,908483,d_g2_10,0.983221,0
2750,908483,d_g3_1,0.930295,0
2751,908483,d_g3_2,0.963386,0
2752,908483,d_g3_3,0.949767,0
2753,908483,d_g3_4,0.994285,0
2754,908483,d_g3_5,0.65867,0
2755,908483,d_g3_6,0.749635,0
2756,908483,d_g3_7,0.998628,0
2757,908483,d_g3_8,0.729314,0
2758,908483,d_g3_9,0.972544,0
2759,908483,d_g3_10,0.994612,0
2760,753600,d_g1_1,0.783136,1
2761,753600,d_g1_2,0.478114,1
2762,753600,d_g1_3,0.662191,1
2763,753600,d_g1_4,0.710808,1
2764,753600,d_g1_5,0.531133,1
2765,753600,d_g1_6,0.438719,1
2766,753600,d_g1_7,0.962887,1
2767,753600,d_g1_8,0.711364,1
2768,753600,d_g1_9,0.602656,1
2769,753600,d_g1_10,0.899335,1
2770,753600,d_g2_1,0.942166,1
2771,753600,d_g2_2,0.971945,1
2772,753600,d_g2_3,0.914396,1
2773,753600,d_g2_4,0.967233,1
2774,753600,d_g2_5,0.988229,1
2775,753600,d_g2_6,0.995698,1
2776,753600,d_g2_7,0.954582,1
2777,753600,d_g2_8,0.966539,1
2778,753600,d_g2_9,0.989065,1
2779,753600,d_g2_10,0.972054,1
2780,753600,d_g3_1,0.934963,1
2781,753600,d_g3_2,0.919001,1
2782,753600,d_g3_3,0.946933,1
2783,753600,d_g3_4,0.872108,1
2784,753600,d_g3_5,0.815417,1
2785,753600,d_g3_6,0.895415,1
2786,753600,d_g3_7,0.929726,1
2787,753600,d_g3_8,0.820363,1
2788,753600,d_g3_9,0.958688,1
2789,753600,d_g3_10,0.980655,1
2790,905970,d_g1_1,0.750646,1
2791,905970,d_g1_2,0.433011,1
2792,905970,d_g1_3,0.562925,1
2793,905970,d_g1_4,0.672021,1
2794,905970,d_g1_5,0.46486,1
2795,905970,d_g1_6,0.394524,1
2796,905970,d_g1_7,0.904747,1
2797,905970,d_g1_8,0.596862,1
2798,905970,d_g1_9,0.558375,1
2799,905970,d_g1_10,0.765849,1
2800,905970,d_g2_1,0.856406,1
2801,905970,d_g2_2,0.954813,1
2802,905970,d_g2_3,0.796358,1
2803,905970,d_g2_4,0.915303,1
2804,905970,d_g2_5,0.971932,1
2805,905970,d_g2_6,0.994073,1
2806,905970,d_g2_7,0.884987,1
2807,905970,d_g2_8,0.934157,1
2808,905970,d_g2_9,0.970685,1
2809,905970,d_g2_10,0.939872,1
2810,905970,d_g3_1,0.840333,1
2811,905970,d_g3_2,0.805967,1
2812,905970,d_g3_3,0.867247,1
2813,905970,d_g3_4,0.713998,1
2814,905970,d_g3_5,0.786445,1
2815,905970,d_g3_6,0.758129,1
2816,905970,d_g3_7,0.828871,1
2817,905970,d_g3_8,0.625736,1
2818,905970,d_g3_9,0.894689,1
2819,905970,d_g3_10,0.948872,1
2820,753589,d_g1_1,0.890283,0
2821,753589,d_g1_2,0.305892,0
2822,753589,d_g1_3,0.150796,0
2823,753589,d_g1_4,0.011603,0
2824,753589,d_g1_5,0.112146,0
2825,753589,d_g1_6,0.057237,0
2826,753589,d_g1_7,0.720974,0
2827,753589,d_g1_8,0.163034,0
2828,753589,d_g1_9,0.110428,0
2829,753589,d_g1_10,0.06535,0
2830,753589,d_g2_1,0.443542,0
2831,753589,d_g2_2,0.648675,0
2832,753589,d_g2_3,0.421263,0
2833,753589,d_g2_4,0.080397,0
2834,753589,d_g2_5,0.346707,0
2835,753589,d_g2_6,0.46715,0
2836,753589,d_g2_7,0.236429,0
2837,753589,d_g2_8,0.816131,0
2838,753589,d_g2_9,0.594357,0
2839,753589,d_g2_10,0.956292,0
2840,753589,d_g3_1,0.955112,0
2841,753589,d_g3_2,0.929187,0
2842,753589,d_g3_3,0.928179,0
2843,753589,d_g3_4,0.985654,0
2844,753589,d_g3_5,0.754692,0
2845,753589,d_g3_6,0.826797,0
2846,753589,d_g3_7,0.996604,0
2847,753589,d_g3_8,0.811161,0
2848,753589,d_g3_9,0.934562,0
2849,753589,d_g3_10,0.994272,0
2850,1240146,d_g1_1,0.992298,1
2851,1240146,d_g1_2,0.993557,1
2852,1240146,d_g1_3,0.999012,1
2853,1240146,d_g1_4,0.99864,1
2854,1240146,d_g1_5,0.998291,1
2855,1240146,d_g1_6,0.995486,1
2856,1240146,d_g1_7,0.999899,1
2857,1240146,d_g1_8,0.997198,1
2858,1240146,d_g1_9,0.996633,1
2859,1240146,d_g1_10,0.999712,1
2860,1240146,d_g2_1,0.999951,1
2861,1240146,d_g2_2,0.999988,1
2862,1240146,d_g2_3,0.999711,1
2863,1240146,d_g2_4,0.999992,1
2864,1240146,d_g2_5,0.999993,1
2865,1240146,d_g2_6,0.999998,1
2866,1240146,d_g2_7,0.999991,1
2867,1240146,d_g2_8,0.999995,1
2868,1240146,d_g2_9,0.999997,1
2869,1240146,d_g2_10,0.999987,1
2870,1240146,d_g3_1,0.999865,1
2871,1240146,d_g3_2,0.999829,1
2872,1240146,d_g3_3,0.999891,1
2873,1240146,d_g3_4,0.999716,1
2874,1240146,d_g3_5,0.999263,1
2875,1240146,d_g3_6,0.999774,1
2876,1240146,d_g3_7,0.999853,1
2877,1240146,d_g3_8,0.999576,1
2878,1240146,d_g3_9,0.999916,1
2879,1240146,d_g3_10,0.999962,1
2880,905972,d_g1_1,,-1
2881,905972,d_g1_2,,-1
2882,905972,d_g1_3,,-1
2883,905972,d_g1_4,,-1
2884,905972,d_g1_5,,-1
2885,905972,d_g1_6,,-1
2886,905972,d_g1_7,,-1
2887,905972,d_g1_8,,-1
2888,905972,d_g1_9,,-1
2889,905972,d_g1_10,,-1
2890,905972,d_g2_1,,-1
2891,905972,d_g2_2,,-1
2892,905972,d_g2_3,,-1
2893,905972,d_g2_4,,-1
2894,905972,d_g2_5,,-1
2895,905972,d_g2_6,,-1
2896,905972,d_g2_7,,-1
2897,905972,d_g2_8,,-1
2898,905972,d_g2_9,,-1
2899,905972,d_g2_10,,-1
2900,905972,d_g3_1,,-1
2901,905972,d_g3_2,,-1
2902,905972,d_g3_3,,-1
2903,905972,d_g3_4,,-1
2904,905972,d_g3_5,,-1
2905,905972,d_g3_6,,-1
2906,905972,d_g3_7,,-1
2907,905972,d_g3_8,,-1
2908,905972,d_g3_9,,-1
2909,905972,d_g3_10,,-1
2910,688027,d_g1_1,0.172914,0
2911,688027,d_g1_2,0.095577,0
2912,688027,d_g1_3,0.018848,0
2913,688027,d_g1_4,0.00166,0
2914,688027,d_g1_5,0.008019,0
2915,688027,d_g1_6,0.016285,0
2916,688027,d_g1_7,0.305892,0
2917,688027,d_g1_8,0.008638,0
2918,688027,d_g1_9,0.019365,0
2919,688027,d_g1_10,0.003896,0
2920,688027,d_g2_1,0.26878,0
2921,688027,d_g2_2,0.241241,0
2922,688027,d_g2_3,0.28871,0
2923,688027,d_g2_4,0.069235,0
2924,688027,d_g2_5,0.148792,0
2925,688027,d_g2_6,0.418172,0
2926,688027,d_g2_7,0.2407,0
2927,688027,d_g2_8,0.410775,0
2928,688027,d_g2_9,0.418172,0
2929,688027,d_g2_10,0.685659,0
2930,688027,d_g3_1,0.688492,0
2931,688027,d_g3_2,0.493434,0
2932,688027,d_g3_3,0.755433,0
2933,688027,d_g3_4,0.887291,0
2934,688027,d_g3_5,0.242179,0
2935,688027,d_g3_6,0.331485,0
2936,688027,d_g3_7,0.927149,0
2937,688027,d_g3_8,0.299913,0
2938,688027,d_g3_9,0.687352,0
2939,688027,d_g3_10,0.80187,0
2940,908468,d_g1_1,0.412451,0
2941,908468,d_g1_2,0.059083,0
2942,908468,d_g1_3,0.013487,0
2943,908468,d_g1_4,0.001146,0
2944,908468,d_g1_5,0.007912,0
2945,908468,d_g1_6,0.014975,0
2946,908468,d_g1_7,0.398106,0
2947,908468,d_g1_8,0.012767,0
2948,908468,d_g1_9,0.024035,0
2949,908468,d_g1_10,0.026941,0
2950,908468,d_g2_1,0.342504,0
2951,908468,d_g2_2,0.684056,0
2952,908468,d_g2_3,0.241805,0
2953,908468,d_g2_4,0.35147,0
2954,908468,d_g2_5,0.19854,0
2955,908468,d_g2_6,0.428498,0
2956,908468,d_g2_7,0.418172,0
2957,908468,d_g2_8,0.600757,0
2958,908468,d_g2_9,0.422762,0
2959,908468,d_g2_10,0.85625,0
2960,908468,d_g3_1,0.734494,0
2961,908468,d_g3_2,0.562801,0
2962,908468,d_g3_3,0.891773,0
2963,908468,d_g3_4,0.959302,0
2964,908468,d_g3_5,0.285711,0
2965,908468,d_g3_6,0.382958,0
2966,908468,d_g3_7,0.987515,0
2967,908468,d_g3_8,0.35835,0
2968,908468,d_g3_9,0.79575,0
2969,908468,d_g3_10,0.900304,0
2970,1240183,d_g1_1,,-1
2971,1240183,d_g1_2,,-1
2972,1240183,d_g1_3,,-1
2973,1240183,d_g1_4,,-1
2974,1240183,d_g1_5,,-1
2975,1240183,d_g1_6,,-1
2976,1240183,d_g1_7,,-1
2977,1240183,d_g1_8,,-1
2978,1240183,d_g1_9,,-1
2979,1240183,d_g1_10,,-1
2980,1240183,d_g2_1,,-1
2981,1240183,d_g2_2,,-1
2982,1240183,d_g2_3,,-1
2983,1240183,d_g2_4,,-1
2984,1240183,d_g2_5,,-1
2985,1240183,d_g2_6,,-1
2986,1240183,d_g2_7,,-1
2987,1240183,d_g2_8,,-1
2988,1240183,d_g2_9,,-1
2989,1240183,d_g2_10,,-1
2990,1240183,d_g3_1,,-1
2991,1240183,d_g3_2,,-1
2992,1240183,d_g3_3,,-1
2993,1240183,d_g3_4,,-1
2994,1240183,d_g3_5,,-1
2995,1240183,d_g3_6,,-1
2996,1240183,d_g3_7,,-1
2997,1240183,d_g3_8,,-1
2998,1240183,d_g3_9,,-1
2999,1240183,d_g3_10,,-1
3000,722046,d_g1_1,0.614666,1
3001,722046,d_g1_2,0.324681,1
3002,722046,d_g1_3,0.44776,1
3003,722046,d_g1_4,0.563302,1
3004,722046,d_g1_5,0.35353,1
3005,722046,d_g1_6,0.290883,1
3006,722046,d_g1_7,0.840532,1
3007,722046,d_g1_8,0.175546,1
3008,722046,d_g1_9,0.443197,1
3009,722046,d_g1_10,0.64476,1
3010,722046,d_g2_1,0.767959,1
3011,722046,d_g2_2,0.849394,1
3012,722046,d_g2_3,0.684548,1
3013,722046,d_g2_4,0.842259,1
3014,722046,d_g2_5,0.832527,1
3015,722046,d_g2_6,0.929641,1
3016,722046,d_g2_7,0.810244,1
3017,722046,d_g2_8,0.857737,1
3018,722046,d_g2_9,0.948387,1
3019,722046,d_g2_10,0.847342,1
3020,722046,d_g3_1,0.744934,1
3021,722046,d_g3_2,0.697428,1
3022,722046,d_g3_3,0.783792,1
3023,722046,d_g3_4,0.580774,1
3024,722046,d_g3_5,0.698647,1
3025,722046,d_g3_6,0.634951,1
3026,722046,d_g3_7,0.728833,1
3027,722046,d_g3_8,0.481268,1
3028,722046,d_g3_9,0.825005,1
3029,722046,d_g3_10,0.911493,1
3030,724859,d_g1_1,,-1
3031,724859,d_g1_2,,-1
3032,724859,d_g1_3,,-1
3033,724859,d_g1_4,,-1
3034,724859,d_g1_5,,-1
3035,724859,d_g1_6,,-1
3036,724859,d_g1_7,,-1
3037,724859,d_g1_8,,-1
3038,724859,d_g1_9,,-1
3039,724859,d_g1_10,,-1
3040,724859,d_g2_1,,-1
3041,724859,d_g2_2,,-1
3042,724859,d_g2_3,,-1
3043,724859,d_g2_4,,-1
3044,724859,d_g2_5,,-1
3045,724859,d_g2_6,,-1
3046,724859,d_g2_7,,-1
3047,724859,d_g2_8,,-1
3048,724859,d_g2_9,,-1
3049,724859,d_g2_10,,-1
3050,724859,d_g3_1,,-1
3051,724859,d_g3_2,,-1
3052,724859,d_g3_3,,-1
3053,724859,d_g3_4,,-1
3054,724859,d_g3_5,,-1
3055,724859,d_g3_6,,-1
3056,724859,d_g3_7,,-1
3057,724859,d_g3_8,,-1
3058,724859,d_g3_9,,-1
3059,724859,d_g3_10,,-1
3060,1240190,d_g1_1,,-1
3061,1240190,d_g1_2,,-1
3062,1240190,d_g1_3,,-1
3063,1240190,d_g1_4,,-1
3064,1240190,d_g1_5,,-1
3065,1240190,d_g1_6,,-1
3066,1240190,d_g1_7,,-1
3067,1240190,d_g1_8,,-1
3068,1240190,d_g1_9,,-1
3069,1240190,d_g1_10,,-1
3070,1240190,d_g2_1,,-1
3071,1240190,d_g2_2,,-1
3072,1240190,d_g2_3,,-1
3073,1240190,d_g2_4,,-1
3074,1240190,d_g2_5,,-1
3075,1240190,d_g2_6,,-1
3076,1240190,d_g2_7,,-1
3077,1240190,d_g2_8,,-1
3078,1240190,d_g2_9,,-1
3079,1240190,d_g2_10,,-1
3080,1240190,d_g3_1,,-1
3081,1240190,d_g3_2,,-1
3082,1240190,d_g3_3,,-1
3083,1240190,d_g3_4,,-1
3084,1240190,d_g3_5,,-1
3085,1240190,d_g3_6,,-1
3086,1240190,d_g3_7,,-1
3087,1240190,d_g3_8,,-1
3088,1240190,d_g3_9,,-1
3089,1240190,d_g3_10,,-1
3090,724874,d_g1_1,,-1
3091,724874,d_g1_2,,-1
3092,724874,d_g1_3,,-1
3093,724874,d_g1_4,,-1
3094,724874,d_g1_5,,-1
3095,724874,d_g1_6,,-1
3096,724874,d_g1_7,,-1
3097,724874,d_g1_8,,-1
3098,724874,d_g1_9,,-1
3099,724874,d_g1_10,,-1
3100,724874,d_g2_1,,-1
3101,724874,d_g2_2,,-1
3102,724874,d_g2_3,,-1
3103,724874,d_g2_4,,-1
3104,724874,d_g2_5,,-1
3105,724874,d_g2_6,,-1
3106,724874,d_g2_7,,-1
3107,724874,d_g2_8,,-1
3108,724874,d_g2_9,,-1
3109,724874,d_g2_10,,-1
3110,724874,d_g3_1,,-1
3111,724874,d_g3_2,,-1
3112,724874,d_g3_3,,-1
3113,724874,d_g3_4,,-1
3114,724874,d_g3_5,,-1
3115,724874,d_g3_6,,-1
3116,724874,d_g3_7,,-1
3117,724874,d_g3_8,,-1
3118,724874,d_g3_9,,-1
3119,724874,d_g3_10,,-1
3120,688022,d_g1_1,0.935063,0
3121,688022,d_g1_2,0.282434,0
3122,688022,d_g1_3,0.080272,0
3123,688022,d_g1_4,0.004105,0
3124,688022,d_g1_5,0.060476,0
3125,688022,d_g1_6,0.062283,0
3126,688022,d_g1_7,0.765718,0
3127,688022,d_g1_8,0.094939,0
3128,688022,d_g1_9,0.135596,0
3129,688022,d_g1_10,0.190768,0
3130,688022,d_g2_1,0.556138,0
3131,688022,d_g2_2,0.948194,0
3132,688022,d_g2_3,0.487892,0
3133,688022,d_g2_4,0.426711,0
3134,688022,d_g2_5,0.289698,0
3135,688022,d_g2_6,0.584733,0
3136,688022,d_g2_7,0.470432,0
3137,688022,d_g2_8,0.920133,0
3138,688022,d_g2_9,0.756823,0
3139,688022,d_g2_10,0.981011,0
3140,688022,d_g3_1,0.937844,0
3141,688022,d_g3_2,0.959679,0
3142,688022,d_g3_3,0.952914,0
3143,688022,d_g3_4,0.993465,0
3144,688022,d_g3_5,0.6857,0
3145,688022,d_g3_6,0.771956,0
3146,688022,d_g3_7,0.998398,0
3147,688022,d_g3_8,0.752849,0
3148,688022,d_g3_9,0.968087,0
3149,688022,d_g3_10,0.994046,0
3150,688014,d_g1_1,0.975126,0
3151,688014,d_g1_2,0.500682,0
3152,688014,d_g1_3,0.201284,0
3153,688014,d_g1_4,0.0104,0
3154,688014,d_g1_5,0.153236,0
3155,688014,d_g1_6,0.12308,0
3156,688014,d_g1_7,0.837396,0
3157,688014,d_g1_8,0.227744,0
3158,688014,d_g1_9,0.248956,0
3159,688014,d_g1_10,0.295653,0
3160,688014,d_g2_1,0.690573,0
3161,688014,d_g2_2,0.970159,0
3162,688014,d_g2_3,0.537343,0
3163,688014,d_g2_4,0.35841,0
3164,688014,d_g2_5,0.390828,0
3165,688014,d_g2_6,0.636011,0
3166,688014,d_g2_7,0.588545,0
3167,688014,d_g2_8,0.959945,0
3168,688014,d_g2_9,0.866204,0
3169,688014,d_g2_10,0.992457,0
3170,688014,d_g3_1,0.961736,0
3171,688014,d_g3_2,0.983044,0
3172,688014,d_g3_3,0.962628,0
3173,688014,d_g3_4,0.99671,0
3174,688014,d_g3_5,0.784211,0
3175,688014,d_g3_6,0.84937,0
3176,688014,d_g3_7,0.999229,0
3177,688014,d_g3_8,0.835367,0
3178,688014,d_g3_9,0.9844,0
3179,688014,d_g3_10,0.997805,0
3180,753564,d_g1_1,0.726088,0
3181,753564,d_g1_2,0.357914,0
3182,753564,d_g1_3,0.104344,0
3183,753564,d_g1_4,0.004421,0
3184,753564,d_g1_5,0.084151,0
3185,753564,d_g1_6,0.076962,0
3186,753564,d_g1_7,0.837436,0
3187,753564,d_g1_8,0.124113,0
3188,753564,d_g1_9,0.167672,0
3189,753564,d_g1_10,0.240059,0
3190,753564,d_g2_1,0.624221,0
3191,753564,d_g2_2,0.900613,0
3192,753564,d_g2_3,0.542996,0
3193,753564,d_g2_4,0.576911,0
3194,753564,d_g2_5,0.260313,0
3195,753564,d_g2_6,0.650662,0
3196,753564,d_g2_7,0.286758,0
3197,753564,d_g2_8,0.824944,0
3198,753564,d_g2_9,0.670718,0
3199,753564,d_g2_10,0.969682,0
3200,753564,d_g3_1,0.952402,0
3201,753564,d_g3_2,0.943285,0
3202,753564,d_g3_3,0.964858,0
3203,753564,d_g3_4,0.990204,0
3204,753564,d_g3_5,0.743137,0
3205,753564,d_g3_6,0.817817,0
3206,753564,d_g3_7,0.994447,0
3207,753564,d_g3_8,0.801566,0
3208,753564,d_g3_9,0.955922,0
3209,753564,d_g3_10,0.991502,0
3210,1330972,d_g1_1,0.267749,0
3211,1330972,d_g1_2,0.056427,0
3212,1330972,d_g1_3,0.012943,0
3213,1330972,d_g1_4,0.001036,0
3214,1330972,d_g1_5,0.00752,0
3215,1330972,d_g1_6,0.012514,0
3216,1330972,d_g1_7,0.343898,0
3217,1330972,d_g1_8,0.012138,0
3218,1330972,d_g1_9,0.022137,0
3219,1330972,d_g1_10,0.025082,0
3220,1330972,d_g2_1,0.20879,0
3221,1330972,d_g2_2,0.575458,0
3222,1330972,d_g2_3,0.225498,0
3223,1330972,d_g2_4,0.191994,0
3224,1330972,d_g2_5,0.111499,0
3225,1330972,d_g2_6,0.333307,0
3226,1330972,d_g2_7,0.332067,0
3227,1330972,d_g2_8,0.475965,0
3228,1330972,d_g2_9,0.364528,0
3229,1330972,d_g2_10,0.78239,0
3230,1330972,d_g3_1,0.795165,0
3231,1330972,d_g3_2,0.675373,0
3232,1330972,d_g3_3,0.898543,0
3233,1330972,d_g3_4,0.931506,0
3234,1330972,d_g3_5,0.341816,0
3235,1330972,d_g3_6,0.54696,0
3236,1330972,d_g3_7,0.973255,0
3237,1330972,d_g3_8,0.398429,0
3238,1330972,d_g3_9,0.863079,0
3239,1330972,d_g3_10,0.91097,0
3240,910931,d_g1_1,0.980369,1
3241,910931,d_g1_2,0.948381,1
3242,910931,d_g1_3,0.991767,1
3243,910931,d_g1_4,0.991573,1
3244,910931,d_g1_5,0.985838,1
3245,910931,d_g1_6,0.977299,1
3246,910931,d_g1_7,0.999373,1
3247,910931,d_g1_8,0.987191,1
3248,910931,d_g1_9,0.988849,1
3249,910931,d_g1_10,0.998182,1
3250,910931,d_g2_1,0.999002,1
3251,910931,d_g2_2,0.999823,1
3252,910931,d_g2_3,0.997296,1
3253,910931,d_g2_4,0.999819,1
3254,910931,d_g2_5,0.999943,1
3255,910931,d_g2_6,0.999982,1
3256,910931,d_g2_7,0.999764,1
3257,910931,d_g2_8,0.999869,1
3258,910931,d_g2_9,0.999921,1
3259,910931,d_g2_10,0.999859,1
3260,910931,d_g3_1,0.998869,1
3261,910931,d_g3_2,0.998568,1
3262,910931,d_g3_3,0.999089,1
3263,910931,d_g3_4,0.997619,1
3264,910931,d_g3_5,0.993848,1
3265,910931,d_g3_6,0.998103,1
3266,910931,d_g3_7,0.998771,1
3267,910931,d_g3_8,0.996449,1
3268,910931,d_g3_9,0.999299,1
3269,910931,d_g3_10,0.999679,1
3270,753594,d_g1_1,0.35982,0
3271,753594,d_g1_2,0.148718,0
3272,753594,d_g1_3,0.032521,0
3273,753594,d_g1_4,0.002638,0
3274,753594,d_g1_5,0.023398,0
3275,753594,d_g1_6,0.03603,0
3276,753594,d_g1_7,0.673361,0
3277,753594,d_g1_8,0.036048,0
3278,753594,d_g1_9,0.066479,0
3279,753594,d_g1_10,0.07017,0
3280,753594,d_g2_1,0.408213,0
3281,753594,d_g2_2,0.642702,0
3282,753594,d_g2_3,0.36071,0
3283,753594,d_g2_4,0.297496,0
3284,753594,d_g2_5,0.308349,0
3285,753594,d_g2_6,0.468599,0
3286,753594,d_g2_7,0.298349,0
3287,753594,d_g2_8,0.524222,0
3288,753594,d_g2_9,0.466355,0
3289,753594,d_g2_10,0.826702,0
3290,753594,d_g3_1,0.82772,0
3291,753594,d_g3_2,0.679224,0
3292,753594,d_g3_3,0.920502,0
3293,753594,d_g3_4,0.943628,0
3294,753594,d_g3_5,0.409919,0
3295,753594,d_g3_6,0.51874,0
3296,753594,d_g3_7,0.976536,0
3297,753594,d_g3_8,0.492369,0
3298,753594,d_g3_9,0.871238,0
3299,753594,d_g3_10,0.90449,0
3300,924241,d_g1_1,0.868122,0
3301,924241,d_g1_2,0.352516,0
3302,924241,d_g1_3,0.165305,0
3303,924241,d_g1_4,0.01441,0
3304,924241,d_g1_5,0.135095,0
3305,924241,d_g1_6,0.176488,0
3306,924241,d_g1_7,0.73187,0
3307,924241,d_g1_8,0.194121,0
3308,924241,d_g1_9,0.310178,0
3309,924241,d_g1_10,0.05208,0
3310,924241,d_g2_1,0.458058,0
3311,924241,d_g2_2,0.825209,0
3312,924241,d_g2_3,0.415661,0
3313,924241,d_g2_4,0.139738,0
3314,924241,d_g2_5,0.36412,0
3315,924241,d_g2_6,0.492662,0
3316,924241,d_g2_7,0.346324,0
3317,924241,d_g2_8,0.888831,0
3318,924241,d_g2_9,0.68353,0
3319,924241,d_g2_10,0.970135,0
3320,924241,d_g3_1,0.873207,0
3321,924241,d_g3_2,0.917871,0
3322,924241,d_g3_3,0.93175,0
3323,924241,d_g3_4,0.990695,0
3324,924241,d_g3_5,0.498941,0
3325,924241,d_g3_6,0.607081,0
3326,924241,d_g3_7,0.997693,0
3327,924241,d_g3_8,0.581647,0
3328,924241,d_g3_9,0.954574,0
3329,924241,d_g3_10,0.987406,0
3330,724834,d_g1_1,,-1
3331,724834,d_g1_2,,-1
3332,724834,d_g1_3,,-1
3333,724834,d_g1_4,,-1
3334,724834,d_g1_5,,-1
3335,724834,d_g1_6,,-1
3336,724834,d_g1_7,,-1
3337,724834,d_g1_8,,-1
3338,724834,d_g1_9,,-1
3339,724834,d_g1_10,,-1
3340,724834,d_g2_1,,-1
3341,724834,d_g2_2,,-1
3342,724834,d_g2_3,,-1
3343,724834,d_g2_4,,-1
3344,724834,d_g2_5,,-1
3345,724834,d_g2_6,,-1
3346,724834,d_g2_7,,-1
3347,724834,d_g2_8,,-1
3348,724834,d_g2_9,,-1
3349,724834,d_g2_10,,-1
3350,724834,d_g3_1,,-1
3351,724834,d_g3_2,,-1
3352,724834,d_g3_3,,-1
3353,724834,d_g3_4,,-1
3354,724834,d_g3_5,,-1
3355,724834,d_g3_6,,-1
3356,724834,d_g3_7,,-1
3357,724834,d_g3_8,,-1
3358,724834,d_g3_9,,-1
3359,724834,d_g3_10,,-1
3360,909728,d_g1_1,0.524461,1
3361,909728,d_g1_2,0.218622,1
3362,909728,d_g1_3,0.320582,1
3363,909728,d_g1_4,0.428788,1
3364,909728,d_g1_5,0.241417,1
3365,909728,d_g1_6,0.192714,1
3366,909728,d_g1_7,0.745909,1
3367,909728,d_g1_8,0.322981,1
3368,909728,d_g1_9,0.316573,1
3369,909728,d_g1_10,0.502701,1
3370,909728,d_g2_1,0.648292,1
3371,909728,d_g2_2,0.782112,1
3372,909728,d_g2_3,0.495303,1
3373,909728,d_g2_4,0.769584,1
3374,909728,d_g2_5,0.943118,1
3375,909728,d_g2_6,0.988188,1
3376,909728,d_g2_7,0.703979,1
3377,909728,d_g2_8,0.782029,1
3378,909728,d_g2_9,0.910983,1
3379,909728,d_g2_10,0.797395,1
3380,909728,d_g3_1,0.61928,1
3381,909728,d_g3_2,0.562127,1
3382,909728,d_g3_3,0.668769,1
3383,909728,d_g3_4,0.435528,1
3384,909728,d_g3_5,0.574318,1
3385,909728,d_g3_6,0.492059,1
3386,909728,d_g3_7,0.599512,1
3387,909728,d_g3_8,0.340685,1
3388,909728,d_g3_9,0.724191,1
3389,909728,d_g3_10,0.851539,1
3390,688026,d_g1_1,0.511091,0
3391,688026,d_g1_2,0.094566,0
3392,688026,d_g1_3,0.019221,0
3393,688026,d_g1_4,0.00161,0
3394,688026,d_g1_5,0.013161,0
3395,688026,d_g1_6,0.021326,0
3396,688026,d_g1_7,0.546883,0
3397,688026,d_g1_8,0.020747,0
3398,688026,d_g1_9,0.038782,0
3399,688026,d_g1_10,0.045243,0
3400,688026,d_g2_1,0.370035,0
3401,688026,d_g2_2,0.662017,0
3402,688026,d_g2_3,0.317804,0
3403,688026,d_g2_4,0.34477,0
3404,688026,d_g2_5,0.218342,0
3405,688026,d_g2_6,0.46148,0
3406,688026,d_g2_7,0.418172,0
3407,688026,d_g2_8,0.561774,0
3408,688026,d_g2_9,0.455655,0
3409,688026,d_g2_10,0.835694,0
3410,688026,d_g3_1,0.810183,0
3411,688026,d_g3_2,0.65291,0
3412,688026,d_g3_3,0.911753,0
3413,688026,d_g3_4,0.95107,0
3414,688026,d_g3_5,0.381626,0
3415,688026,d_g3_6,0.489162,0
3416,688026,d_g3_7,0.985449,0
3417,688026,d_g3_8,0.462849,0
3418,688026,d_g3_9,0.857368,0
3419,688026,d_g3_10,0.909524,0
3420,687787,d_g1_1,,-1
3421,687787,d_g1_2,,-1
3422,687787,d_g1_3,,-1
3423,687787,d_g1_4,,-1
3424,687787,d_g1_5,,-1
3425,687787,d_g1_6,,-1
3426,687787,d_g1_7,,-1
3427,687787,d_g1_8,,-1
3428,687787,d_g1_9,,-1
3429,687787,d_g1_10,,-1
3430,687787,d_g2_1,,-1
3431,687787,d_g2_2,,-1
3432,687787,d_g2_3,,-1
3433,687787,d_g2_4,,-1
3434,687787,d_g2_5,,-1
3435,687787,d_g2_6,,-1
3436,687787,d_g2_7,,-1
3437,687787,d_g2_8,,-1
3438,687787,d_g2_9,,-1
3439,687787,d_g2_10,,-1
3440,687787,d_g3_1,,-1
3441,687787,d_g3_2,,-1
3442,687787,d_g3_3,,-1
3443,687787,d_g3_4,,-1
3444,687787,d_g3_5,,-1
3445,687787,d_g3_6,,-1
3446,687787,d_g3_7,,-1
3447,687787,d_g3_8,,-1
3448,687787,d_g3_9,,-1
3449,687787,d_g3_10,,-1
3450,687995,d_g1_1,0.99896,0
3451,687995,d_g1_2,0.988853,0
3452,687995,d_g1_3,0.263871,0
3453,687995,d_g1_4,0.579607,0
3454,687995,d_g1_5,0.220404,0
3455,687995,d_g1_6,0.25641,0
3456,687995,d_g1_7,0.974436,0
3457,687995,d_g1_8,0.303618,0
3458,687995,d_g1_9,0.976201,0
3459,687995,d_g1_10,0.21015,0
3460,687995,d_g2_1,0.99459,0
3461,687995,d_g2_2,0.999992,0
3462,687995,d_g2_3,0.982824,0
3463,687995,d_g2_4,0.99955,0
3464,687995,d_g2_5,0.681231,0
3465,687995,d_g2_6,0.97329,0
3466,687995,d_g2_7,0.998709,0
3467,687995,d_g2_8,0.999984,0
3468,687995,d_g2_9,0.999338,0
3469,687995,d_g2_10,0.999999,0
3470,687995,d_g3_1,0.967257,0
3471,687995,d_g3_2,0.999952,0
3472,687995,d_g3_3,0.999449,0
3473,687995,d_g3_4,1.0,0
3474,687995,d_g3_5,0.96077,0
3475,687995,d_g3_6,0.962502,0
3476,687995,d_g3_7,0.999999,0
3477,687995,d_g3_8,0.878338,0
3478,687995,d_g3_9,0.999615,0
3479,687995,d_g3_10,0.999685,0
3480,688021,d_g1_1,0.134496,0
3481,688021,d_g1_2,0.030533,0
3482,688021,d_g1_3,0.005555,0
3483,688021,d_g1_4,0.000378,0
3484,688021,d_g1_5,0.003556,0
3485,688021,d_g1_6,0.005992,0
3486,688021,d_g1_7,0.257668,0
3487,688021,d_g1_8,0.005559,0
3488,688021,d_g1_9,0.010043,0
3489,688021,d_g1_10,0.005221,0
3490,688021,d_g2_1,0.103851,0
3491,688021,d_g2_2,0.713098,0
3492,688021,d_g2_3,0.118993,0
3493,688021,d_g2_4,0.057673,0
3494,688021,d_g2_5,0.047957,0
3495,688021,d_g2_6,0.2124,0
3496,688021,d_g2_7,0.167902,0
3497,688021,d_g2_8,0.660216,0
3498,688021,d_g2_9,0.281184,0
3499,688021,d_g2_10,0.917215,0
3500,688021,d_g3_1,0.697168,0
3501,688021,d_g3_2,0.712784,0
3502,688021,d_g3_3,0.85924,0
3503,688021,d_g3_4,0.979384,0
3504,688021,d_g3_5,0.235464,0
3505,688021,d_g3_6,0.428479,0
3506,688021,d_g3_7,0.988065,0
3507,688021,d_g3_8,0.282009,0
3508,688021,d_g3_9,0.901762,0
3509,688021,d_g3_10,0.973597,0
